player_id,web_name,full_name,position,team_name,matches_played,minutes_played,detail_metric_minutes,accurate_passes,aerial_duels_won,blocks,chances_created,clearances,final_third_passes,interceptions,recoveries,successful_dribbles,tackles_won,total_shots,touches_opposition_box,xa,xg,accurate_passes_per90,aerial_duels_won_per90,blocks_per90,chances_created_per90,clearances_per90,final_third_passes_per90,interceptions_per90,recoveries_per90,successful_dribbles_per90,tackles_won_per90,total_shots_per90,touches_opposition_box_per90,xa_per90,xg_per90,detail_data_coverage,scaled_accurate_passes_per90,accurate_passes_percentile,scaled_aerial_duels_won_per90,aerial_duels_won_percentile,scaled_blocks_per90,blocks_percentile,scaled_chances_created_per90,chances_created_percentile,scaled_clearances_per90,clearances_percentile,scaled_final_third_passes_per90,final_third_passes_percentile,scaled_interceptions_per90,interceptions_percentile,scaled_recoveries_per90,recoveries_percentile,scaled_successful_dribbles_per90,successful_dribbles_percentile,scaled_tackles_won_per90,tackles_won_percentile,scaled_total_shots_per90,total_shots_percentile,scaled_touches_opposition_box_per90,touches_opposition_box_percentile,scaled_xa_per90,xa_percentile,scaled_xg_per90,xg_percentile
5,Gabriel,Gabriel dos Santos Magalhães,Defender,Arsenal,32,2750,2750,1520,93,34.0,7.0,182,190.0,23,64,1,20,26,46.0,1.81814639,2.94,49.74545454545455,3.0436363636363635,1.1127272727272728,0.2290909090909091,5.956363636363636,6.218181818181819,0.7527272727272727,2.0945454545454543,0.03272727272727272,0.6545454545454545,0.850909090909091,1.5054545454545454,0.05950297276363636,0.09621818181818181,1.0,0.8159595815740254,80.0,1.0479983903283239,81.6,1.706150924013668,95.19999999999999,,,0.9446877697308411,80.0,0.30891955646186386,74.4,-0.7192577071011634,28.799999999999997,-1.986622641743993,2.4,,,-1.0019226963210226,15.2,,,,,,,,
6,Saliba,William Saliba,Defender,Arsenal,31,2614,2614,1951,69,7.0,10.0,132,186.0,17,113,7,23,4,22.0,1.33428825,0.85,67.17291507268554,2.375669472073451,0.2410099464422341,0.3442999234889059,4.544758990053558,6.40397857689365,0.58530986993114,3.8905891354246367,0.2410099464422341,0.7918898240244836,0.13771996939556236,0.7574598316755929,0.04593953423871461,0.029265493496557,1.0,2.2462017090810495,97.6,0.4379289812433431,66.4,-0.9714933033983765,19.2,,,0.14962203260321988,59.199999999999996,0.3978561521023317,76.8,-1.178787415485375,9.6,0.17077590383577973,60.0,,,-0.6643257835817158,26.400000000000002,,,,,,,,
7,Calafiori,Riccardo Calafiori,Defender,Arsenal,26,1697,1697,644,47,5.0,9.0,49,84.0,14,73,16,19,32,56.0,0.75615205,3.33,34.154390100176784,2.4926340601060692,0.26517383618149676,0.47731290512669416,2.598703594578668,4.454920447849146,0.7424867413081909,3.8715380082498525,0.8485562757807896,1.0076605774896876,1.6971125515615793,2.9699469652327637,0.04010234796700059,0.17660577489687684,1.0,-0.46357263411914823,39.2,0.5447554093286744,72.0,-0.897269357262194,23.200000000000003,,,-0.9464652971876708,20.0,-0.5351127323088899,30.4,-0.7473660658387576,26.400000000000002,0.1478917866530532,58.4,,,-0.13395427650359468,49.6,,,,,,,,
8,J.Timber,Jurriën Timber,Defender,Arsenal,30,2452,2452,926,40,6.0,27.0,52,170.0,24,97,13,37,23,90.0,1.61131409,4.44,33.98858075040783,1.468189233278956,0.22022838499184338,0.9910277324632952,1.9086460032626429,6.239804241435563,0.8809135399673735,3.560358890701468,0.4771615008156607,1.3580750407830342,0.8442088091353996,3.3034257748776508,0.05914284995921697,0.16296900489396413,1.0,-0.47718032623261236,38.4,-0.39089343500288376,48.0,-1.0353277900792712,16.8,,,-1.3351301750869677,8.0,0.31926970856902664,75.2,-0.3674101869515746,41.6,-0.22589498855781193,44.800000000000004,,,0.7273758343394118,75.2,,,,,,,,
16,Saka,Bukayo Saka,Midfielder,Arsenal,31,2218,2218,591,22,1.0,62.0,11,51.0,16,116,48,20,70,184.0,6.95492289,7.34,23.981064021641117,0.8926961226330027,0.0405770964833183,2.5157799819657347,0.44634806131650134,2.0694319206492335,0.6492335437330928,4.706943192064923,1.9477006311992788,0.8115419296663661,2.8403967538322816,7.466185752930567,0.28221057714156894,0.29783588818755635,1.0,-0.7044407348824896,26.027397260273972,,,,,2.0617776047767236,97.26027397260275,,,-1.0570074725979235,14.383561643835616,,,0.34852758534027145,62.328767123287676,1.5440307095677444,92.46575342465754,,,,,2.373116235891903,97.26027397260275,2.2143742963901785,97.94520547945206,1.4596268519193412,88.35616438356165
17,Ødegaard,Martin Ødegaard,Midfielder,Arsenal,24,1363,1363,700,3,0.0,39.0,6,126.0,7,70,9,8,22,36.0,3.36423003,1.25,46.221570066030814,0.19809244314013205,0.0,2.5752017608217166,0.3961848862802641,8.319882611885546,0.4622157006603081,4.622157006603081,0.5942773294203962,0.5282465150403521,1.4526779163609684,2.377109317681585,0.2221428486426999,0.08253851797505503,1.0,1.0610307448738643,87.67123287671232,,,,,2.160115202540881,97.94520547945206,,,1.4900611712434404,89.04109589041096,,,0.26225833395018977,58.21917808219178,-0.4899966114209926,36.3013698630137,,,,,-0.31653039265966587,45.20547945205479,1.3561849309411422,90.41095890410958,-0.6681576678124759,28.767123287671232
18,Madueke,Noni Madueke,Midfielder,Arsenal,26,1205,1205,313,9,1.0,22.0,8,17.0,5,35,25,10,26,114.0,2.6768435200000003,1.27,23.377593360995853,0.6721991701244814,0.07468879668049792,1.6431535269709545,0.5975103734439834,1.2697095435684647,0.37344398340248963,2.6141078838174274,1.8672199170124482,0.7468879668049793,1.941908713692946,8.514522821576763,0.1999302214107884,0.09485477178423236,1.0,-0.7523447815850464,22.602739726027394,,,,,0.6176608014474546,76.71232876712328,,,-1.3828956190793744,1.36986301369863,,,-1.7809152518598779,2.054794520547945,1.4230781803379469,91.78082191780823,,,,,2.9271767413973433,99.31506849315068,1.0388324865338423,86.98630136986301,-0.5464360965253321,36.3013698630137
19,Martinelli,Gabriel Martinelli Silva,Midfielder,Arsenal,30,1065,1065,188,8,1.0,13.0,10,19.0,1,52,15,8,29,68.0,1.23491016,3.92,15.887323943661972,0.676056338028169,0.08450704225352113,1.0985915492957747,0.8450704225352113,1.6056338028169013,0.08450704225352113,4.394366197183099,1.267605633802817,0.676056338028169,2.4507042253521125,5.746478873239437,0.10435860507042255,0.3312676056338028,1.0,-1.3469291406639625,5.47945205479452,,,,,-0.2835393603327076,45.20547945205479,,,-1.246005946685512,4.10958904109589,,,0.03048304537978008,49.31506849315068,0.5219322990010176,77.3972602739726,,,,,1.4642275858765903,91.78082191780823,-0.3266019460936803,42.465753424657535,1.7900326101501995,95.2054794520548
20,Trossard,Leandro Trossard,Midfielder,Arsenal,31,1997,1997,583,6,3.0,36.0,12,84.0,9,79,25,16,52,114.0,3.371144,5.44,26.27441161742614,0.27040560841261896,0.13520280420630948,1.6224336504757138,0.5408112168252379,3.785678517776665,0.40560841261892844,3.560340510766149,1.1266900350525788,0.7210816224336504,2.343515272909364,5.13770655983976,0.15192937406109164,0.24516775162744117,1.0,-0.5223927290751935,36.3013698630137,,,,,0.5833713049069638,74.65753424657534,,,-0.35763424199683885,42.465753424657535,,,-0.8181312803545809,25.34246575342466,0.3101536356406769,73.28767123287672,,,,,1.1424830766077152,88.35616438356165,0.3530429992748407,71.23287671232876,0.939107509090753,82.87671232876713
21,Rice,Declan Rice,Midfielder,Arsenal,36,3093,3093,1861,50,12.0,63.0,78,292.0,36,180,14,34,39,55.0,7.1390318,3.01,54.15130940834142,1.454898157129001,0.34917555771096026,1.833171677982541,2.2696411251212414,8.496605237633366,1.0475266731328807,5.237633365664403,0.40737148399612033,0.9893307468477207,1.1348205625606207,1.600387972841901,0.20773128419010667,0.08758486905916585,1.0,1.6905006239678608,94.52054794520548,,,,,0.9321234254519403,82.87671232876713,,,1.5620759236085295,91.0958904109589,,,0.8885005036537638,83.56164383561644,-0.7708929101220667,17.80821917808219,,,,,-0.7270382663481237,28.767123287671232,1.150286494929337,87.67123287671232,-0.618284565752266,32.19178082191781
22,Merino,Mikel Merino Zazón,Midfielder,Arsenal,22,1024,1024,281,28,2.0,12.0,19,49.0,10,57,5,13,22,34.0,1.38509032,3.43,24.697265625,2.4609375,0.17578125,1.0546875,1.669921875,4.306640625,0.87890625,5.009765625,0.439453125,1.142578125,1.93359375,2.98828125,0.12173645390625,0.30146484375,1.0,-0.6475880040155658,28.767123287671232,,,,,-0.356196537936387,40.41095890410959,,,-0.14534135089403447,51.369863013698634,,,0.6566469381703338,78.08219178082192,-0.7226781836441972,22.602739726027394,,,,,0.006482348088282453,55.47945205479452,-0.07832411974689533,51.369863013698634,1.4954918300235367,89.72602739726028
26,Zubimendi,Martín Zubimendi Ibáñez,Midfielder,Arsenal,38,2991,2445,1671,62,4.0,19.0,77,192.0,38,114,7,37,26,40.0,2.18848032,2.9054,50.28084252758275,1.8655967903711135,0.147239263803681,0.571715145436309,2.3169508525576727,7.067484662576687,1.143430290872618,3.430290872617854,0.21063189568706117,1.1133400200601806,0.7823470411233701,1.47239263803681,0.06585196549648947,0.08742427281845537,0.8174523570712137,1.3832594632819202,92.46575342465754,,,,,-1.1554715184010806,11.643835616438356,,,0.9797070057800753,81.5068493150685,,,-0.9504557252566778,19.863013698630137,-1.0665681044346895,6.8493150684931505,,,,,-0.7946855546349225,22.602739726027394,-0.8767474136745057,20.54794520547945,-0.6198717388541649,31.506849315068493
36,Cash,Matty Cash,Defender,Aston Villa,35,3016,3016,1183,32,14.0,30.0,84,189.0,22,88,11,32,29,41.0,3.11795389,1.12,35.30172413793103,0.9549071618037135,0.4177718832891247,0.8952254641909814,2.506631299734748,5.639920424403183,0.6564986737400531,2.6259946949602124,0.32824933687002655,0.9549071618037135,0.8653846153846154,1.223474801061008,0.09304239061671088,0.033421750663129975,1.0,-0.3694128755843464,44.0,-0.8596856670641685,20.0,-0.4285356661545287,40.8,,,-0.9983236749285391,16.0,0.032119249989622504,61.6,-0.9833873572586542,16.0,-1.3482485139170868,9.6,,,-0.26362388246991336,42.4,,,,,,,,
37,Digne,Lucas Digne,Defender,Aston Villa,31,1842,1842,586,35,4.0,26.0,61,86.0,15,63,4,27,14,27.0,3.25853042,0.7,28.631921824104232,1.710097719869707,0.19543973941368079,1.270358306188925,2.980456026058632,4.201954397394137,0.7328990228013029,3.0781758957654723,0.19543973941368079,1.3192182410423452,0.6840390879478827,1.3192182410423452,0.15921158403908794,0.03420195439739413,1.0,-0.9167922391165851,19.2,-0.16995289239342795,56.8,-1.1114707916421729,13.600000000000001,,,-0.7314488057583791,32.0,-0.6562017087585674,24.0,-0.7736825742539863,22.400000000000002,-0.8050907525878924,22.400000000000002,,,0.6318645608802615,74.4,,,,,,,,
38,Konsa,Ezri Konsa Ngoyo,Defender,Aston Villa,34,3035,3035,1986,33,29.0,5.0,122,153.0,23,107,7,8,11,26.0,0.64890873,1.25,58.89291598023065,0.9785831960461285,0.8599670510708401,0.14827018121911037,3.6177924217462936,4.537067545304778,0.6820428336079077,3.1729818780889616,0.20757825370675456,0.2372322899505766,0.32619439868204286,0.771004942339374,0.019242762998352557,0.03706754530477759,1.0,1.5666762269119887,90.4,-0.8380618045611189,21.6,0.9297502170069205,80.80000000000001,,,-0.37247837266987593,44.0,-0.4957908235732214,33.6,-0.9132733778338935,18.4,-0.6912102882348007,28.000000000000004,,,-2.027691983748654,1.6,,,,,,,,
39,Maatsen,Ian Maatsen,Defender,Aston Villa,30,1590,1590,612,18,1.0,26.0,64,62.0,19,82,18,30,19,67.0,2.33111118,1.3,34.64150943396227,1.0188679245283019,0.056603773584905655,1.471698113207547,3.622641509433962,3.5094339622641506,1.0754716981132075,4.6415094339622645,1.0188679245283019,1.6981132075471697,1.0754716981132075,3.792452830188679,0.13194968943396226,0.07358490566037736,1.0,-0.42359557657742875,41.6,-0.8012688424986367,24.0,-1.5379316537233263,1.6,,,-0.36974719472506656,44.800000000000004,-0.9876951661199125,12.0,0.16661585922592365,60.0,1.0727775517680744,85.6,,,1.5632006719250084,92.0,,,,,,,,
40,Mings,Tyrone Mings,Defender,Aston Villa,17,1322,1322,831,39,9.0,5.0,83,84.0,11,47,2,2,9,21.0,0.42612537,1.32,56.57337367624811,2.655068078668684,0.6127080181543116,0.340393343419062,5.65052950075643,5.718608169440242,0.7488653555219364,3.1996974281391832,0.1361573373676248,0.1361573373676248,0.6127080181543116,1.4296520423600605,0.029010047881996976,0.08986384266263238,1.0,1.3763153240996246,88.8,0.6931101062028379,76.8,0.1702474490787543,60.0,,,0.7724311516324622,72.0,0.06978524702176304,64.8,-0.7298579532973918,28.000000000000004,-0.659119705229326,28.799999999999997,,,-2.2761374939410937,0.8,,,,,,,,
41,Pau,Pau Torres,Defender,Aston Villa,21,1673,1673,1034,25,18.0,1.0,61,155.0,11,80,7,14,9,16.0,0.37423051,1.26,55.624626419605505,1.3448894202032278,0.968320382546324,0.0537955768081291,3.281530185295876,8.338314405260013,0.5917513448894203,4.303646144650329,0.37656903765690375,0.7531380753138075,0.484160191273162,0.8607292289300656,0.02013194614465033,0.06778242677824269,1.0,1.2984532458761961,86.4,-0.5035059687280127,38.4,1.262577916764404,86.4,,,-0.5618731749542731,39.2,1.3237778129161817,89.60000000000001,-1.1611067618633184,11.200000000000001,0.6669378849902814,73.6,,,-0.7595788382034505,23.200000000000003,,,,,,,,
44,Bogarde,Lamare Bogarde,Defender,Aston Villa,28,1042,1042,451,9,6.0,2.0,23,38.0,5,43,2,19,0,7.0,0.20599088,0.0,38.95393474088292,0.7773512476007678,0.5182341650671786,0.1727447216890595,1.986564299424184,3.2821497120921306,0.4318618042226487,3.714011516314779,0.1727447216890595,1.6410748560460653,0.0,0.6046065259117083,0.017791918618042225,0.0,1.0,-0.06968214575668978,53.6,-1.0218515363992242,14.399999999999999,-0.11994681428204859,48.8,,,-1.291243830751575,8.799999999999999,-1.0964908609056725,7.199999999999999,-1.5999738854069663,3.2,-0.04132823522561972,50.4,,,1.4229985548119921,91.2,,,,,,,,
47,Rogers,Morgan Rogers,Midfielder,Aston Villa,37,3280,3280,793,26,3.0,47.0,32,109.0,13,139,39,22,82,181.0,4.25524397,6.27,21.759146341463413,0.7134146341463414,0.08231707317073171,1.2896341463414636,0.8780487804878049,2.9908536585365857,0.3567073170731707,3.814024390243903,1.0701219512195121,0.6036585365853658,2.25,4.966463414634147,0.11675974307926831,0.17204268292682925,1.0,-0.8808185694016673,19.17808219178082,,,,,0.03261862796366151,58.9041095890411,,,-0.681526642132804,30.82191780821918,,,-0.5600100044289528,33.56164383561644,0.22513882330427962,71.23287671232876,,,,,1.05197872792577,86.98630136986301,-0.1494265305316011,48.63013698630137,0.21641224796464661,69.17808219178082
48,Tielemans,Youri Tielemans,Midfielder,Aston Villa,25,1857,1857,947,21,14.0,32.0,19,178.0,17,93,9,38,23,34.0,3.2928978,1.15,45.89660743134087,1.0177705977382876,0.6785137318255251,1.5508885298869144,0.9208400646203554,8.626817447495961,0.8239095315024233,4.507269789983845,0.43618739903069464,1.8416801292407108,1.1147011308562196,1.6478190630048466,0.15959116962843295,0.05573505654281099,1.0,1.035234917099689,85.61643835616438,,,,,0.4649706877275063,70.54794520547945,,,1.615137607184615,92.46575342465754,,,0.14536152914591882,52.73972602739726,-0.7275861646400164,21.91780821917808,,,,,-0.7019702852775956,30.82191780821918,0.46250729300555304,75.34246575342466,-0.9330563530795849,17.123287671232877
52,J.Ramsey,Jacob Ramsey,Midfielder,Newcastle,28,1441,1441,622,9,4.0,22.0,10,76.0,9,85,15,22,15,48.0,1.43067368,1.2,38.848022206800835,0.5621096460791117,0.2498265093684941,1.3740458015267174,0.6245662734212353,4.7467036780013885,0.5621096460791117,5.308813324080499,0.936849410131853,1.3740458015267174,0.936849410131853,2.997918112421929,0.08935505287994447,0.07494795281054824,1.0,0.47571184861732596,70.54794520547945,,,,,0.1723121806311548,65.06849315068493,,,0.033985046350326995,56.16438356164384,,,0.960925530125763,85.61643835616438,0.024846727436270935,63.6986301369863,,,,,0.011575561926342721,56.16438356164384,-0.5409581279504707,35.61643835616438,-0.7431752448368111,24.65753424657534
54,McGinn,John McGinn,Midfielder,Aston Villa,30,2136,2136,620,11,5.0,40.0,15,103.0,12,89,19,16,26,55.0,3.7437546100000003,2.97,26.123595505617978,0.4634831460674157,0.2106741573033708,1.6853932584269664,0.6320224719101123,4.339887640449438,0.5056179775280899,3.75,0.8005617977528089,0.6741573033707865,1.0955056179775282,2.317415730337079,0.15774246952247192,0.12514044943820224,1.0,-0.5343646483990445,35.61643835616438,,,,,0.6875636855676794,78.08219178082192,,,-0.13179313897528336,52.73972602739726,,,-0.6251542987141785,30.82191780821918,-0.1799766465421006,54.109589041095894,,,,,-0.34807927151619744,43.83561643835616,0.4360948613972872,73.97260273972603,-0.24712265847404324,50.68493150684932
58,Kamara,Boubacar Kamara,Midfielder,Aston Villa,18,1410,1410,715,35,8.0,15.0,20,100.0,17,65,14,16,7,11.0,0.85498945,0.5,45.638297872340424,2.2340425531914896,0.5106382978723405,0.9574468085106382,1.2765957446808511,6.382978723404256,1.0851063829787233,4.148936170212766,0.8936170212765958,1.021276595744681,0.4468085106382979,0.7021276595744681,0.054573794680851065,0.03191489361702128,1.0,1.0147300707417184,84.93150684931507,,,,,-0.5171209698549503,34.24657534246575,,,0.7007697418426441,78.08219178082192,,,-0.21924000301596613,41.0958904109589,-0.04012618973430153,61.64383561643836,,,,,-1.2017811502252893,8.904109589041095,-1.037878964635032,13.013698630136986,-1.16847109075594,5.47945205479452
59,Onana,Amadou Onana,Midfielder,Aston Villa,25,1755,1755,734,37,17.0,7.0,59,97.0,25,73,7,30,18,25.0,0.69288281,1.72,37.64102564102564,1.8974358974358974,0.8717948717948718,0.358974358974359,3.025641025641026,4.9743589743589745,1.2820512820512822,3.7435897435897436,0.358974358974359,1.5384615384615385,0.9230769230769231,1.2820512820512822,0.03553245179487179,0.0882051282051282,1.0,0.3798993698550676,67.8082191780822,,,,,-1.507538021455957,1.36986301369863,,,0.12675494337068532,62.328767123287676,,,-0.6316766822689874,30.136986301369863,-0.8436277850294097,14.383561643835616,,,,,-0.8952835694052316,17.80821917808219,-1.3099231783416272,4.10958904109589,-0.6121545428555714,32.87671232876712
64,Watkins,Ollie Watkins,Forward,Aston Villa,37,2833,2833,348,35,2.0,23.0,15,25.0,6,49,26,14,82,176.0,1.374547,15.25,11.055418284504059,1.1118955171196612,0.06353688669255206,0.7306741969643488,0.4765266501941405,0.7942110836569009,0.1906106600776562,1.5566537239675253,0.8259795270031769,0.44475820684786443,2.605012354394635,5.591246028944582,0.04366721849629368,0.48446876103070946,1.0,,,-1.0453898905844392,10.344827586206897,,,0.09761887531980071,58.620689655172406,,,-1.421559378969398,3.4482758620689653,,,,,0.4427681056339848,79.3103448275862,,,0.3089833416677654,65.51724137931035,0.7478299398406296,79.3103448275862,-0.21471970527787312,55.172413793103445,0.5142033798041556,62.06896551724138
72,Senesi,Marcos Senesi Barón,Defender,Bournemouth,37,3288,3288,1770,91,47.0,24.0,255,515.0,55,153,5,36,17,53.0,5.02766301,1.59,48.448905109489054,2.490875912408759,1.2864963503649636,0.656934306569343,6.9799270072992705,14.096715328467152,1.5054744525547445,4.187956204379562,0.13686131386861314,0.9854014598540146,0.46532846715328463,1.4507299270072993,0.13761851304744527,0.04352189781021898,1.0,0.7095539683858164,76.8,0.5431496529052199,71.2,2.2399154295583643,98.4,,,1.5211949157912055,92.0,4.0801906695972985,100.0,1.3468936383140824,91.2,0.5279717164413147,66.4,,,-0.1886679092692368,45.6,,,,,,,,
73,Smith,Adam Smith,Defender,Bournemouth,22,1073,1073,281,13,9.0,5.0,38,82.0,8,29,1,12,0,9.0,0.23751178,0.0,23.56943150046598,1.0904007455731595,0.754892823858341,0.4193849021435228,3.1873252562907735,6.877912395153774,0.6710158434296365,2.4324324324324325,0.08387698042870456,1.0065237651444547,0.0,0.754892823858341,0.019921770922646787,0.0,1.0,-1.3322622337064702,7.199999999999999,-0.7359362842293056,27.200000000000003,0.6069949046347856,74.4,,,-0.6149327277945693,36.8,0.6247172698482985,83.2,-0.9435404199474724,16.8,-1.580754520370197,7.199999999999999,,,-0.13674859810243642,48.0,,,,,,,,
74,Truffert,Adrien Truffert,Defender,Bournemouth,38,3378,3378,1296,46,10.0,32.0,140,170.0,48,188,32,53,16,53.0,3.54272531,1.35,34.52930728241563,1.2255772646536414,0.2664298401420959,0.8525754884547069,3.730017761989343,4.529307282415631,1.2788632326820604,5.0088809946714035,0.8525754884547069,1.4120781527531083,0.42628774422735344,1.4120781527531083,0.09438877380106572,0.03596802841918295,1.0,-0.4328038168536401,40.8,-0.6124764838121961,32.0,-0.8934113041372922,24.8,,,-0.3092690859209442,46.400000000000006,-0.49950548128534145,32.800000000000004,0.7248878847575562,72.0,1.5140624042463269,93.60000000000001,,,0.8601172342858859,79.2,,,,,,,,
77,Hill,James Hill,Defender,Bournemouth,29,2102,2102,805,112,15.0,13.0,168,167.0,38,75,2,20,12,22.0,1.1119231,0.88,34.46717411988582,4.795432921027593,0.6422454804947669,0.5566127497621313,7.19314938154139,7.150333016175072,1.6270218839200763,3.2112274024738348,0.0856327307326356,0.8563273073263559,0.5137963843958135,0.9419600380589914,0.04760850570884872,0.037678401522359656,1.0,-0.4379029801210893,40.0,2.6479541727237352,100.0,0.26097733724718014,62.4,,,1.6412893094955978,94.39999999999999,0.7551186976443235,85.6,1.680518785743804,96.0,-0.6452699586307505,29.599999999999998,,,-0.5059363606303492,35.199999999999996,,,,,,,,
81,Kluivert,Justin Kluivert,Midfielder,Bournemouth,20,945,945,276,6,2.0,21.0,2,33.0,4,45,10,6,17,30.0,1.54783234,2.33,26.28571428571429,0.5714285714285714,0.1904761904761905,2.0,0.1904761904761905,3.142857142857143,0.380952380952381,4.285714285714286,0.9523809523809523,0.5714285714285714,1.619047619047619,2.8571428571428568,0.1474126038095238,0.2219047619047619,1.0,-0.5214955130465633,37.67123287671233,,,,,1.2082090079112524,88.35616438356165,,,-0.6195849793963295,32.87671232876712,,,-0.08006938734800728,45.20547945205479,0.04818870864069997,65.06849315068493,,,,,-0.06282608944644086,52.054794520547944,0.288511772725379,65.75342465753424,0.7091993157591694,79.45205479452055
82,Semenyo,Antoine Semenyo,Midfielder,Man City,37,3200,3200,739,57,7.0,39.0,29,77.0,13,143,49,31,73,176.0,3.14604341,11.07,20.784375,1.603125,0.19687500000000002,1.096875,0.8156249999999999,2.165625,0.36562500000000003,4.021875,1.378125,0.871875,2.053125,4.95,0.08848247090624999,0.31134375000000003,1.0,-0.9581967998790989,15.068493150684931,,,,,-0.286380092088641,44.52054794520548,,,-1.017808639062222,17.80821917808219,,,-0.34852370619584694,37.67123287671233,0.6880291956984238,83.56164383561644,,,,,1.0432775877034552,86.3013698630137,-0.5534247317162722,34.93150684931507,1.5931250884785042,91.78082191780823
83,O.Dango,Dango Ouattara,Midfielder,Brentford,32,2271,2271,303,52,0.0,27.0,51,60.0,24,84,21,13,56,118.0,3.7964915500000003,7.69,12.007926023778072,2.060766182298547,0.0,1.07001321003963,2.0211360634081905,2.3778071334214004,0.9511228533685601,3.3289299867899604,0.8322324966974901,0.5151915455746368,2.2192866578599735,4.676354029062088,0.1504554114927345,0.30475561426684283,1.0,-1.6548792553111444,1.36986301369863,,,,,-0.3308338924831109,43.15068493150685,,,-0.9313440806618556,22.602739726027394,,,-1.053589598929333,17.123287671232877,-0.13237951499898246,56.16438356164384,,,,,0.8986519424582847,82.87671232876713,0.3319844536490001,68.4931506849315,1.5280145243640062,90.41095890410958
84,Tavernier,Marcus Tavernier,Midfielder,Bournemouth,34,2732,2732,938,24,6.0,54.0,39,153.0,16,150,38,21,70,114.0,4.55048762,9.1,30.900439238653004,0.7906295754026355,0.19765739385065886,1.7789165446559299,1.2847730600292826,5.040263543191801,0.527086383601757,4.941434846266471,1.2518301610541729,0.691800878477306,2.3060029282576866,3.7554904831625184,0.14990625395314788,0.29978038067349927,1.0,-0.15517447362990594,51.369863013698634,,,,,0.8423361524952685,81.5068493150685,,,0.15361116047441153,64.38356164383562,,,0.5871209287605128,74.65753424657534,0.49822372051704983,76.71232876712328,,,,,0.41196294041667114,69.86301369863014,0.32413862407949556,67.8082191780822,1.4788442766665197,89.04109589041096
85,Adams,Tyler Adams,Midfielder,Bournemouth,25,1769,1769,876,27,9.0,7.0,42,109.0,33,96,6,23,10,10.0,0.64727645,0.61,44.56755228942906,1.3736574335782927,0.4578858111927643,0.3561334087054833,2.1368004522329,5.545505935556812,1.6789146410401357,4.884115319389486,0.30525720746184287,1.170152628603731,0.5087620124364047,0.5087620124364047,0.032930966930469194,0.031034482758620686,1.0,0.9297333181978633,80.82191780821918,,,,,-1.512239533766549,0.684931506849315,,,0.35949824265500435,69.17808219178082,,,0.5287987782029003,72.6027397260274,-0.9243579997660258,10.273972602739725,,,,,-1.3039775443097374,4.10958904109589,-1.3470906674543373,3.4246575342465753,-1.1771721937636526,4.794520547945205
86,Brooks,David Brooks,Midfielder,Bournemouth,31,1188,1188,341,7,0.0,26.0,15,54.0,4,56,17,13,48,73.0,3.12780283,5.78,25.833333333333332,0.5303030303030303,0.0,1.9696969696969697,1.1363636363636362,4.090909090909091,0.30303030303030304,4.242424242424242,1.2878787878787878,0.9848484848484849,3.6363636363636367,5.53030303030303,0.23695475984848485,0.43787878787878787,1.0,-0.5574059220911931,34.93150684931507,,,,,1.1580602701530511,87.67123287671232,,,-0.2332522957385675,47.94520547945205,,,-0.12411665291295051,43.15068493150685,0.5524003345512699,79.45205479452055,,,,,1.349975690758463,91.0958904109589,1.5678031325353543,93.15068493150685,2.8436712262990502,97.94520547945206
87,Christie,Ryan Christie,Midfielder,Bournemouth,26,978,978,426,13,4.0,11.0,18,99.0,12,62,18,20,25,27.0,0.79945063,1.9100000000000001,39.20245398773006,1.196319018404908,0.3680981595092025,1.0122699386503067,1.6564417177914113,9.110429447852761,1.1042944785276074,5.705521472392638,1.6564417177914113,1.8404907975460123,2.3006134969325154,2.4846625766871164,0.0735690763803681,0.17576687116564418,1.0,0.5038469638660927,71.91780821917808,,,,,-0.42639371423183714,37.67123287671233,,,1.8122102700601557,94.52054794520548,,,1.3645728317328887,92.46575342465754,1.1063046954120606,90.41095890410958,,,,,-0.2596870215382792,46.57534246575342,-0.7664928284247848,26.027397260273972,0.2532184108792068,70.54794520547945
90,Scott,Alex Scott,Midfielder,Bournemouth,37,2848,2848,1166,36,15.0,27.0,81,188.0,36,196,26,40,44,50.0,2.96196818,3.7800000000000002,36.84691011235955,1.1376404494382022,0.47401685393258425,0.8532303370786517,2.559691011235955,5.941011235955056,1.1376404494382022,6.193820224719102,0.821629213483146,1.2640449438202246,1.3904494382022472,1.580056179775281,0.09360152254213482,0.11945224719101125,1.0,0.3168617611471811,67.12328767123287,,,,,-0.6895896782205667,26.027397260273972,,,0.5206672845178354,73.97260273972603,,,1.8614128250461093,96.57534246575342,-0.14831493425902473,54.794520547945204,,,,,-0.73778389757804,27.397260273972602,-0.48028869369906013,36.986301369863014,-0.3033391773972918,48.63013698630137
97,Evanilson,Francisco Evanilson de Lima Barbosa,Forward,Bournemouth,36,2741,2741,353,43,6.0,31.0,29,25.0,8,79,16,5,70,140.0,1.4818488,10.59,11.590660342940533,1.4118934695366654,0.19700839109813936,1.0178766873403866,0.952207223641007,0.8208682962422473,0.26267785479751915,2.5939438161255013,0.5253557095950383,0.16417365924844948,2.2984312294782927,4.596862458956585,0.04865610798978475,0.34771981028821597,1.0,,,-0.8567412800251898,20.689655172413794,,,1.1994124100255674,82.75862068965517,,,-1.3734525802642163,6.896551724137931,,,,,-0.3488825693640734,48.275862068965516,,,-0.1901263114925063,41.37931034482759,-0.41179074597408083,44.827586206896555,-0.06417510626798545,58.620689655172406,-0.4017515128052673,34.48275862068966
106,Collins,Nathan Collins,Defender,Brentford,35,2971,2971,1434,88,41.0,11.0,209,179.0,38,139,7,12,20,80.0,1.52405313,2.2600000000000002,43.439919219118146,2.6657691013126894,1.2420060585661394,0.3332211376640862,6.331201615617637,5.422416694715584,1.151127566475934,4.21070346684618,0.21204981487714575,0.3635139683608213,0.6058566139347021,2.4234264557388085,0.04616788343991922,0.06846179737462134,1.0,0.29847499188762455,65.60000000000001,0.7028835944452839,77.60000000000001,2.1032551046813923,96.8,,,1.1558097967502576,84.8,-0.07199473666781991,56.00000000000001,0.3742771808426095,65.60000000000001,0.5552956125602446,68.0,,,-1.717287524297216,4.8,,,,,,,,
107,Lewis-Potter,Keane Lewis-Potter,Defender,Brentford,36,1960,1960,440,10,2.0,19.0,37,76.0,11,96,16,14,31,74.0,2.50781805,3.03,20.20408163265306,0.4591836734693877,0.09183673469387756,0.8724489795918368,1.6989795918367347,3.489795918367347,0.5051020408163265,4.408163265306122,0.7346938775510204,0.6428571428571428,1.423469387755102,3.3979591836734695,0.11515491045918368,0.1391326530612245,1.0,-1.6084507895333704,2.4,-1.312441244350417,1.6,-1.4297069665645632,3.2,,,-1.4532217245778192,5.6000000000000005,-0.9970954418907543,10.4,-1.398943024804816,5.6000000000000005,0.7924833193756059,78.4,,,-1.0306529453736515,14.399999999999999,,,,,,,,
108,Ajer,Kristoffer Ajer,Defender,Brentford,27,1805,1805,555,62,16.0,4.0,119,74.0,17,59,3,23,10,47.0,0.70782828,0.76,27.673130193905816,3.0914127423822717,0.7977839335180056,0.1994459833795014,5.933518005540167,3.6897506925207755,0.8476454293628808,2.9418282548476458,0.14958448753462603,1.1468144044321331,0.4986149584487535,2.343490304709141,0.03529337684210526,0.037894736842105266,1.0,-0.995478642041911,17.599999999999998,1.0916336475811772,82.39999999999999,0.7387430398668076,78.4,,,0.9318203012379547,78.4,-0.901381732897336,20.0,-0.4587249780619847,38.4,-0.9688708462130984,15.2,,,0.20809034134149548,61.6,,,,,,,,
109,Henry,Rico Henry,Defender,Brentford,25,1322,1322,364,19,5.0,4.0,41,54.0,9,72,15,11,5,14.0,0.55589538,0.18,24.78063540090772,1.2934947049924357,0.340393343419062,0.2723146747352496,2.791225416036309,3.6762481089258694,0.6127080181543116,4.901664145234493,1.021180030257186,0.7488653555219364,0.340393343419062,0.9531013615733737,0.037844617397882,0.012254160363086233,1.0,-1.2328607838678207,9.6,-0.5504459352664376,36.0,-0.6662184497371706,34.4,,,-0.8380301880439821,25.6,-0.9078451062393023,19.2,-1.1035845820105725,12.8,1.3852740693637324,92.0,,,-0.7700813219689465,22.400000000000002,,,,,,,,
110,Kayode,Michael Kayode,Defender,Brentford,37,3258,3258,954,38,15.0,34.0,98,138.0,38,163,53,45,9,33.0,2.69861855,1.1800000000000002,26.353591160220994,1.0497237569060773,0.41436464088397795,0.9392265193370165,2.707182320441989,3.812154696132597,1.0497237569060773,4.502762430939226,1.4640883977900552,1.2430939226519337,0.24861878453038672,0.9116022099447514,0.07454747375690608,0.03259668508287293,1.0,-1.1037709725232818,13.600000000000001,-0.7730875064724009,25.6,-0.4390016540182958,40.0,,,-0.8853662363659052,22.400000000000002,-0.8427897776367853,21.6,0.09594253783403502,56.8,0.9061153565708348,80.80000000000001,,,0.4447485184063767,68.0,,,,,,,,
113,Van den Berg,Sepp van den Berg,Defender,Brentford,32,2761,2761,1241,140,23.0,7.0,194,111.0,30,109,1,10,23,55.0,1.4121814000000001,3.11,40.45273451647954,4.563563926113726,0.7497283592901123,0.22817819630568634,6.323795726186164,3.618254255704455,0.9779065555957986,3.5530604853314016,0.03259688518652662,0.3259688518652662,0.7497283592901123,1.792828685258964,0.04603271495834843,0.10137631293009777,1.0,0.053321809776982795,59.199999999999996,2.43618292702434,99.2,0.5911312773764811,73.6,,,1.1516385374990847,84.0,-0.9356054176104239,17.599999999999998,-0.10118235494231448,52.800000000000004,-0.23466179601247544,42.4,,,-1.8095746378164375,4.0,,,,,,,,
119,Mbeumo,Bryan Mbeumo,Midfielder,Man Utd,33,2611,2611,624,14,1.0,47.0,14,66.0,8,90,17,11,73,150.0,4.9664341,12.0,21.50900038299502,0.48257372654155495,0.03446955189582535,1.6200689391037917,0.48257372654155495,2.2749904251244732,0.2757564151666028,3.1022596706242815,0.585982382229031,0.37916507085407886,2.516277288395251,5.170432784373803,0.1711907579471467,0.41363462274990426,1.0,-0.900675381767844,17.80821917808219,,,,,0.57945792432164,73.97260273972603,,,-0.9732420535765556,19.863013698630137,,,-1.2842247947628205,10.95890410958904,-0.502462888003655,34.93150684931507,,,,,1.1597793347015286,89.04109589041096,0.628230945080967,79.45205479452055,2.604066073648351,97.26027397260275
120,Schade,Kevin Schade,Midfielder,Brentford,35,2744,2744,355,85,3.0,28.0,31,67.0,18,94,21,25,57,141.0,2.1588366,12.16,11.643586005830905,2.7879008746355685,0.09839650145772595,0.9183673469387754,1.0167638483965014,2.197521865889213,0.5903790087463557,3.083090379008746,0.6887755102040816,0.8199708454810496,1.869533527696793,4.62463556851312,0.07080732288629737,0.3988338192419825,1.0,-1.6838008953734622,0.684931506849315,,,,,-0.581793896968219,29.45205479452055,,,-1.0048106152465734,19.17808219178082,,,-1.3037293924557392,9.58904109589041,-0.34797756886046216,45.89041095890411,,,,,0.8713180273915122,82.1917808219178,-0.8059500800611246,23.972602739726025,2.4577896906499697,96.57534246575342
121,Damsgaard,Mikkel Damsgaard,Midfielder,Brentford,33,2046,2046,727,19,4.0,42.0,16,167.0,25,139,18,35,29,80.0,5.26929202,2.6100000000000003,31.979472140762464,0.8357771260997068,0.17595307917888564,1.847507331378299,0.7038123167155426,7.346041055718475,1.099706744868035,6.114369501466276,0.7917888563049854,1.5395894428152492,1.2756598240469208,3.5190615835777126,0.23178703900293254,0.11480938416422289,1.0,-0.06951986619467938,54.794520547945204,,,,,0.9558476179022392,83.56164383561644,,,1.0932191810713354,84.93150684931507,,,1.780572362887252,95.8904109589041,-0.19316128919370376,52.054794520547944,,,,,0.2870070273445346,65.06849315068493,1.4939717561192176,92.46575342465754,-0.3492246058439318,45.89041095890411
124,Henderson,Jordan Henderson,Midfielder,Brentford,32,1911,1911,896,13,7.0,19.0,34,237.0,17,98,3,13,6,13.0,2.33598799,0.33,42.1978021978022,0.6122448979591837,0.32967032967032966,0.8948194662480378,1.6012558869701727,11.161695447409732,0.8006279434850864,4.615384615384615,0.141287284144427,0.6122448979591837,0.282574568288854,0.6122448979591837,0.11001513296703298,0.01554160125588697,1.0,0.7416204131872058,77.3972602739726,,,,,-0.6207634812544192,28.08219178082192,,,2.6481044424555944,99.31506849315068,,,0.25536748118502095,56.849315068493155,-1.1707844529013371,2.054794520547945,,,,,-1.2492854213478404,6.164383561643835,-0.24578696927416768,45.20547945205479,-1.3302883855453673,0.684931506849315
125,Janelt,Vitaly Janelt,Midfielder,Brentford,25,1434,1434,701,23,8.0,21.0,34,114.0,29,85,5,16,12,22.0,2.23115071,0.9,43.995815899581594,1.4435146443514644,0.502092050209205,1.3179916317991631,2.1338912133891212,7.154811715481172,1.8200836820083683,5.334728033472803,0.3138075313807531,1.00418410041841,0.7531380753138075,1.3807531380753137,0.14003037928870293,0.056485355648535567,1.0,0.8843483666054878,79.45205479452055,,,,,0.07954766731976753,61.64383561643836,,,1.0152929193725067,82.1917808219178,,,0.9872935353271736,86.98630136986301,-0.9115079236431247,10.95890410958904,,,,,-0.843118286044965,19.17808219178082,0.1830417185806668,61.64383561643836,-0.9256411448921665,17.80821917808219
126,Jensen,Mathias Jensen,Midfielder,Brentford,36,2239,2239,894,9,4.0,33.0,37,233.0,22,117,17,23,29,41.0,6.01944446,2.26,35.93568557391693,0.36176864671728454,0.160786065207682,1.3264850379633766,1.4872711031710586,9.365788298347477,0.884323358642251,4.7029924073246985,0.6833407771326485,0.9245198749441715,1.1656989727556946,1.6480571683787406,0.24196069736489503,0.09084412684234033,1.0,0.24452793335280792,66.43835616438356,,,,,0.09360347606706756,62.328767123287676,,,1.9162694096569863,95.8904109589041,,,0.3445076941270276,61.64383561643836,-0.35614529845034465,45.20547945205479,,,,,-0.7018444433248794,31.506849315068493,1.639323105872892,93.83561643835617,-0.5860733118479141,34.93150684931507
129,Yarmoliuk,Yehor Yarmoliuk,Midfielder,Brentford,37,2652,2652,1121,31,14.0,14.0,41,164.0,28,187,16,44,16,18.0,1.40322389,1.22,38.042986425339365,1.0520361990950227,0.47511312217194573,0.47511312217194573,1.3914027149321266,5.5656108597285066,0.9502262443438915,6.346153846153846,0.5429864253393666,1.493212669683258,0.5429864253393666,0.6108597285067874,0.047620720248868785,0.041402714932126695,1.0,0.41180738036840686,69.17808219178082,,,,,-1.3153390129437557,4.794520547945205,,,0.36769103137923675,69.86301369863014,,,2.016411040983421,97.94520547945206,-0.5670804772609733,31.506849315068493,,,,,-1.2500175023835673,5.47945205479452,-1.1372177391121645,10.273972602739725,-1.074702925820451,9.58904109589041
136,Thiago,Igor Thiago Nascimento Rodrigues,Forward,Brentford,38,3282,3282,431,107,8.0,24.0,64,73.0,12,93,28,22,84,170.0,1.79870236,20.57,11.819012797074956,2.93418647166362,0.2193784277879342,0.6581352833638026,1.7550274223034736,2.001828153564899,0.3290676416819013,2.550274223034735,0.7678244972577697,0.603290676416819,2.303473491773309,4.661791590493602,0.04932456197440585,0.5640767824497257,1.0,,,0.10052678597858691,62.06896551724138,,,-0.1806618105998024,37.93103448275862,,,0.7577604245925125,82.75862068965517,,,,,0.28962498826753824,75.86206896551724,,,-0.1819175811412968,44.827586206896555,-0.33607231466168785,48.275862068965516,-0.04400385629288814,62.06896551724138,1.0474239735549,89.65517241379311
145,De Cuyper,Maxim De Cuyper,Defender,Brighton,30,1404,1404,579,10,2.0,32.0,28,74.0,11,69,7,11,13,29.0,4.11590723,1.82,37.11538461538461,0.6410256410256411,0.12820512820512822,2.0512820512820515,1.794871794871795,4.743589743589744,0.7051282051282052,4.423076923076923,0.44871794871794873,0.7051282051282052,0.8333333333333333,1.8589743589743588,0.2638402070512821,0.11666666666666667,1.0,-0.22056883627090512,48.0,-1.1463608246542785,10.4,-1.3179945845695222,4.8,,,-1.399211839239064,6.4,-0.3969334410925175,36.8,-0.8499083162244889,20.0,0.8103975293285907,79.2,,,-0.8775886555491045,17.599999999999998,,,,,,,,
146,Dunk,Lewis Dunk,Defender,Brighton,33,2837,2837,2248,76,27.0,7.0,142,215.0,30,136,4,22,24,43.0,0.55836235,1.68,71.3147691223123,2.4109975326048643,0.8565385971096229,0.22206556221360593,4.50475854776172,6.820585125132181,0.9517095523440254,4.314416637292915,0.12689460697920338,0.6979203383856186,0.7613676418752202,1.3641170250264363,0.017713292738808603,0.05329573493126542,1.0,2.5861166461142187,100.0,0.470194905325432,68.8,0.9192190738468733,80.0,,,0.12709236665225856,57.599999999999994,0.597276036382057,82.39999999999999,-0.1730882683286716,50.4,0.6798753460385109,75.2,,,-0.8953058256738331,16.8,,,,,,,,
148,F.Kadıoğlu,Ferdi Kadıoğlu,Defender,Brighton,37,3130,3130,1157,32,7.0,21.0,81,162.0,26,130,12,39,28,58.0,3.28485761,2.0100000000000002,33.26837060702876,0.9201277955271566,0.2012779552715655,0.6038338658146964,2.329073482428115,4.65814696485623,0.7476038338658147,3.7380191693290734,0.3450479233226837,1.121405750798722,0.805111821086262,1.6677316293929711,0.0944527747284345,0.05779552715654952,1.0,-0.5362867511824261,31.2,-0.891450456158795,18.4,-1.093537610186584,16.0,,,-1.0983305268956869,12.0,-0.4378329159558354,36.0,-0.7333205961832326,27.200000000000003,-0.012490364383598426,52.0,,,0.14563504698877225,59.199999999999996,,,,,,,,
151,Van Hecke,Jan Paul van Hecke,Defender,Brighton,36,3210,3210,2160,111,28.0,13.0,189,383.0,47,113,3,30,23,50.0,1.89616978,3.3,60.560747663551396,3.1121495327102804,0.7850467289719626,0.36448598130841126,5.299065420560748,10.738317757009346,1.3177570093457944,3.168224299065421,0.08411214953271029,0.8411214953271028,0.6448598130841121,1.4018691588785046,0.053163638691588785,0.09252336448598131,1.0,1.7035523444248655,93.60000000000001,1.1105730315259814,84.0,0.6996183130801721,77.60000000000001,,,0.5744741324875428,67.2,2.472603707997344,96.8,0.8316440854257177,78.4,-0.6969250679894019,26.400000000000002,,,-0.5433127394809286,32.800000000000004,,,,,,,,
152,Veltman,Joël Veltman,Defender,Brighton,24,1047,1047,354,19,6.0,4.0,44,69.0,18,40,2,17,4,13.0,0.22017426,1.1,30.429799426934096,1.6332378223495703,0.5157593123209169,0.3438395415472779,3.782234957020057,5.931232091690544,1.5472779369627507,3.4383954154727796,0.17191977077363896,1.4613180515759312,0.3438395415472779,1.1174785100286533,0.018926154154727794,0.09455587392550144,1.0,-0.7692434735548607,23.200000000000003,-0.24015079120354527,52.0,-0.12754879140227346,48.0,,,-0.27985851209890833,47.199999999999996,0.17156338313012576,67.2,1.4616364468788963,94.39999999999999,-0.3723968954287101,39.2,,,0.9811505018980614,81.6,,,,,,,,
157,Mitoma,Mitoma Kaoru,Midfielder,Brighton,25,1714,1714,470,14,1.0,30.0,17,39.0,9,62,26,12,32,91.0,2.8496930000000003,4.05,24.679113185530923,0.73512252042007,0.052508751458576426,1.5752625437572927,0.8926487747957994,2.047841306884481,0.4725787631271879,3.2555425904317383,1.3652275379229872,0.6301050175029171,1.6802800466744456,4.778296382730455,0.14963382147024507,0.2126604434072345,1.0,-0.649028961074128,28.08219178082192,,,,,0.5053074467076183,71.91780821917808,,,-1.0658056822052075,13.698630136986301,,,-1.128260675482722,15.068493150684931,0.6686459102166535,82.87671232876713,,,,,0.9525298732261535,84.24657534246576,0.3202463733573049,67.12328767123287,0.6178376898596294,77.3972602739726
158,Georginio,Georginio Rutter,Midfielder,Brighton,32,1776,1776,302,19,1.0,25.0,26,80.0,11,60,26,20,42,100.0,2.9828481300000003,2.97,15.304054054054054,0.9628378378378378,0.05067567567567568,1.2668918918918919,1.3175675675675675,4.0540540540540535,0.5574324324324325,3.040540540540541,1.3175675675675675,1.0135135135135134,2.1283783783783785,5.0675675675675675,0.15115784442567567,0.15050675675675676,1.0,-1.3932296318959583,4.794520547945205,,,,,-0.005017718732259767,57.534246575342465,,,-0.24827078214510787,47.26027397260274,,,-1.3470235056585673,8.21917808219178,0.5970188873236526,80.13698630136986,,,,,1.105413658119864,87.67123287671232,0.3420201331736992,69.86301369863014,0.003572628616120112,61.64383561643836
160,Minteh,Yankuba Minteh,Midfielder,Brighton,34,2389,2389,422,18,0.0,44.0,16,56.0,17,95,64,36,41,185.0,4.9435277200000005,3.82,15.897865215571368,0.6781079949769778,0.0,1.6575973210548347,0.6027626622017581,2.109669317706153,0.6404353285893679,3.5789033068229386,2.4110506488070325,1.3562159899539556,1.544579321892005,6.969443281707827,0.18623587057346175,0.14390958560066974,1.0,-1.3460923649683354,6.164383561643835,,,,,0.6415639568250715,77.3972602739726,,,-1.0406106690046768,17.123287671232877,,,-0.7992437869403771,26.71232876712329,2.240388304236053,96.57534246575342,,,,,2.1105810332904014,95.8904109589041,0.8431809020804181,82.87671232876713,-0.061627232608790126,59.589041095890416
163,Hinshelwood,Jack Hinshelwood,Midfielder,Brighton,27,1736,1736,507,12,5.0,15.0,25,60.0,5,61,2,14,37,64.0,2.3513136500000003,4.93,26.28456221198157,0.6221198156682028,0.25921658986175117,0.7776497695852536,1.2960829493087558,3.1105990783410142,0.25921658986175117,3.162442396313364,0.10368663594470046,0.7258064516129032,1.9182027649769586,3.3179723502304146,0.12189990120967743,0.2555875576036866,1.0,-0.5215869657011761,36.986301369863014,,,,,-0.8146685901623679,22.602739726027394,,,-0.6327301922295806,32.19178082191781,,,-1.2229893627932054,11.643835616438356,-1.2272935625232912,0.684931506849315,,,,,0.18072861211689648,62.328767123287676,-0.0759889434198034,52.054794520547944,1.0420864810725332,84.93150684931507
166,Ayari,Yasin Ayari,Midfielder,Brighton,29,1921,1921,820,9,4.0,15.0,24,85.0,26,124,18,24,41,38.0,1.18389803,2.71,38.417490890161375,0.4216553878188444,0.18740239458615304,0.7027589796980739,1.1244143675169183,3.982300884955752,1.2181155648099948,5.809474232170745,0.8433107756376887,1.1244143675169183,1.9208745445080686,1.7803227485684539,0.05546633144195731,0.12696512233211868,1.0,0.4415358834143824,69.86301369863014,,,,,-0.93860598338674,19.17808219178082,,,-0.2775103132020885,44.52054794520548,,,1.4703439159860692,95.2054794520548,-0.11573023608950818,58.21917808219178,,,,,-0.6319402718397296,34.24657534246575,-1.0251272662473006,13.698630136986301,-0.22908941109430253,51.369863013698634
167,Baleba,Carlos Baleba,Midfielder,Brighton,31,1646,1646,633,29,6.0,9.0,32,67.0,29,105,12,20,20,4.0,0.77760264,0.76,34.611178614823814,1.5856622114216283,0.32806804374240583,0.49210206561360875,1.749696233292831,3.663426488456865,1.5856622114216283,5.741190765492102,0.6561360874848117,1.0935601458080195,1.0935601458080195,0.21871202916160387,0.04251776281895504,0.04155528554070474,1.0,0.13938737331561496,62.328767123287676,,,,,-1.2872238686520747,7.534246575342466,,,-0.40745213928271395,41.0958904109589,,,1.4008660462057707,93.15068493150685,-0.3970305720598573,39.726027397260275,,,,,-1.4572729348491684,1.36986301369863,-1.210123838745574,6.8493150684931505,-1.0731950700636528,10.273972602739725
173,Wieffer,Mats Wieffer,Midfielder,Brighton,26,1901,1901,728,43,7.0,20.0,71,105.0,25,103,9,43,18,52.0,1.68413407,1.9300000000000002,34.4660704892162,2.03577064702788,0.33140452393477116,0.9468700683850605,3.361388742766965,4.971067859021567,1.1835875854813256,4.876380852183062,0.4260915307732772,2.03577064702788,0.8521830615465544,2.4618621778011573,0.07973280710152551,0.09137296159915834,1.0,0.1278685590975469,61.64383561643836,,,,,-0.5346245053624603,32.87671232876712,,,0.12541380861204648,61.64383561643836,,,0.5209290209757678,71.91780821917808,-0.7427590021681565,20.54794520547945,,,,,-0.27173734476952194,45.89041095890411,-0.6784314302567417,29.45205479452055,-0.5808468364481317,35.61643835616438
178,Welbeck,Danny Welbeck,Forward,Brighton,37,2249,2249,386,19,0.0,20.0,30,28.0,9,51,11,14,56,114.0,1.42461689,12.43,15.44686527345487,0.7603379279679858,0.0,0.8003557136505113,1.200533570475767,1.1204979991107158,0.36016007114273013,2.040907069808804,0.4401956425077812,0.5602489995553579,2.2409959982214316,4.562027567807914,0.057010013383726105,0.4974210760337928,1.0,,,-1.2664609018719946,3.4482758620689653,,,0.3649377431777495,68.96551724137932,,,-0.8327274104499376,27.586206896551722,,,,,-0.5731396664023264,31.03448275862069,,,-0.28363004026776695,37.93103448275862,-0.45241416492758457,41.37931034482759,0.1879121246354564,72.41379310344827,0.6009589726864204,65.51724137931035
187,Walker,Kyle Walker,Defender,Burnley,36,3095,3095,1100,47,10.0,13.0,102,293.0,45,155,14,33,4,10.0,1.34176983,0.15000000000000002,31.98707592891761,1.3667205169628434,0.29079159935379645,0.3780290791599354,2.9660743134087237,8.520193861066236,1.308562197092084,4.507269789983845,0.40710823909531507,0.9596122778675283,0.11631663974151858,0.29079159935379645,0.039017539483037156,0.004361873990306947,1.0,-0.6414404322664646,25.6,-0.4835671297405697,41.6,-0.8185795645861133,27.200000000000003,,,-0.7395490957362042,31.2,1.4108392865850246,90.4,0.8064060317764185,76.0,0.9115295733578715,81.6,,,-0.25205855465014754,44.0,,,,,,,,
190,Ekdal,Hjalmar Ekdal,Defender,Burnley,19,1539,1539,570,51,13.0,4.0,126,55.0,12,49,2,16,6,21.0,0.28246003,0.25,33.33333333333333,2.982456140350877,0.7602339181286549,0.23391812865497075,7.368421052631579,3.216374269005848,0.7017543859649122,2.8654970760233915,0.11695906432748537,0.935672514619883,0.3508771929824561,1.2280701754385963,0.016518130409356725,0.014619883040935672,1.0,-0.5309553704150832,32.0,0.9921210959011517,80.80000000000001,0.6234010833463158,76.0,,,1.7400085229362572,97.6,-1.1279760387171456,5.6000000000000005,-0.8591688238560461,19.2,-1.060559470454812,12.8,,,-0.3109032688147789,41.6,,,,,,,,
191,Estève,Maxime Estève,Defender,Burnley,34,2933,2933,1162,79,33.0,7.0,222,116.0,37,114,2,27,9,30.0,0.66400316,0.66,35.656324582338904,2.4241391067166727,1.0126150698943062,0.21479713603818618,6.812137742925332,3.5594953972042274,1.1353562904875554,3.4981247869076033,0.06137061029662461,0.8285032390044323,0.2761677463348108,0.9205591544493692,0.020375139584043644,0.020252301397886124,1.0,-0.3403114185342851,45.6,0.4821974049314807,69.6,1.3986374056675346,91.2,,,1.4266900588468179,88.0,-0.963731919251044,16.0,0.3309879544256176,64.8,-0.30065027788608756,40.8,,,-0.5743288225926372,31.2,,,,,,,,
192,Hartman,Quilindschy Hartman,Defender,Burnley,21,1825,1825,557,10,4.0,20.0,66,118.0,31,69,5,32,8,25.0,1.9998452,0.33999999999999997,27.46849315068493,0.4931506849315069,0.19726027397260273,0.9863013698630138,3.254794520547945,5.819178082191781,1.5287671232876712,3.4027397260273973,0.24657534246575344,1.5780821917808219,0.39452054794520547,1.2328767123287672,0.09862250301369863,0.016767123287671232,1.0,-1.0122728571030017,16.0,-1.2814183974506377,2.4,-1.1058786762791848,14.399999999999999,,,-0.5769316483419707,38.4,0.11792572980517578,66.4,1.4108276978002714,92.80000000000001,-0.4152263284597915,37.6,,,1.268160543892171,87.2,,,,,,,,
193,Humphreys,Bashir Humphreys,Defender,Burnley,20,1574,1574,690,24,19.0,9.0,83,99.0,11,69,6,17,9,24.0,0.6900198599999999,0.42000000000000004,39.45362134688691,1.372299872935197,1.0864040660736975,0.5146124523506989,4.74587039390089,5.660736975857687,0.6289707750952986,3.9453621346886916,0.34307496823379924,0.9720457433290979,0.5146124523506989,1.372299872935197,0.03945475692503177,0.024015247776365947,1.0,-0.028673713498805077,56.8,-0.47847137657657035,42.4,1.6252942285946388,94.39999999999999,,,0.2628950987996356,62.4,0.042083649972561206,63.2,-1.0589463315670669,14.399999999999999,0.23656895230521888,61.6,,,-0.2214966934657501,44.800000000000004,,,,,,,,
195,Lucas Pires,Lucas Pires Silva,Defender,Burnley,20,1405,1405,463,2,6.0,20.0,39,55.0,20,85,18,22,16,22.0,1.580684,0.6000000000000001,29.658362989323845,0.12811387900355872,0.3843416370106762,1.281138790035587,2.498220640569395,3.5231316725978647,1.281138790035587,5.444839857651245,1.1530249110320285,1.409252669039146,1.0249110320284698,1.409252669039146,0.1012537793594306,0.03843416370106762,1.0,-0.8325539535895231,20.0,-1.6148148446393038,0.8,-0.5312229746079812,37.6,,,-1.0030608560836949,15.2,-0.9811383901374032,13.600000000000001,0.7311338674906118,72.8,2.0377339757890183,98.4,,,0.8531721037177595,77.60000000000001,,,,,,,,
198,Tuanzebe,Axel Tuanzebe,Defender,Burnley,14,1201,1201,476,22,11.0,0.0,83,50.0,11,40,0,7,2,2.0,0.14038862000000002,0.61,35.67027477102415,1.6486261448792674,0.8243130724396337,0.0,6.219816819317236,3.7468776019983348,0.8243130724396337,2.9975020815986677,0.0,0.5245628642797668,0.1498751040799334,0.1498751040799334,0.010520379517069111,0.04571190674437968,1.0,-0.3391665502091995,46.400000000000006,-0.22609628498313147,52.800000000000004,0.8202322950987061,79.2,,,1.0930739341226596,80.80000000000001,-0.8740364073727106,20.8,-0.5227679687773068,35.199999999999996,-0.9019957283425133,16.8,,,-1.3214241170928052,8.799999999999999,,,,,,,,
200,Anthony,Jaidon Anthony,Midfielder,Burnley,37,2717,2717,716,12,7.0,37.0,27,79.0,15,140,36,22,51,110.0,3.03406612,5.12,23.717335296282663,0.39749723960250277,0.2318733897681266,1.2256164887743835,0.8943687891056312,2.616856827383143,0.4968715495031284,4.637467795362532,1.1924917188075081,0.728744939271255,1.6893632683106365,3.6437246963562755,0.10050274228928965,0.16959882223040118,1.0,-0.7253757595659904,23.972602739726025,,,,,-0.07332472783679096,53.42465753424658,,,-0.833930948411484,26.027397260273972,,,0.277836936493454,58.9041095890411,0.4090454031672668,75.34246575342466,,,,,0.35289319063089936,67.8082191780822,-0.38169076859612106,38.35616438356164,0.19225956577856979,67.8082191780822
202,Bruun Larsen,Jacob Bruun Larsen,Midfielder,Burnley,28,1014,1014,237,11,1.0,12.0,13,22.0,6,31,9,3,16,37.0,1.18256136,1.45,21.035502958579883,0.9763313609467456,0.08875739644970415,1.0650887573964496,1.1538461538461537,1.952662721893491,0.5325443786982248,2.7514792899408285,0.7988165680473372,0.2662721893491124,1.4201183431952664,3.2840236686390534,0.10496106745562131,0.128698224852071,1.0,-0.9382620354561437,15.753424657534246,,,,,-0.3389834102618936,42.465753424657535,,,-1.1045911076683097,10.95890410958904,,,-1.64114096782864,3.4246575342465753,-0.18259951028152688,53.42465753424658,,,,,0.16278626871770402,60.273972602739725,-0.3179945486611243,43.15068493150685,-0.2119611539798614,52.054794520547944
205,Cullen,Josh Cullen,Midfielder,Burnley,18,1513,1513,723,17,11.0,13.0,35,152.0,22,73,2,18,11,7.0,1.36811565,0.89,43.00727032385988,1.0112359550561798,0.6543291473892928,0.7732980832782552,2.081956378056841,9.041639127561137,1.3086582947785856,4.342366159947125,0.11896893588896232,1.0707204230006608,0.6543291473892928,0.4163912756113682,0.08138163152676801,0.05294117647058824,1.0,0.8058767249579154,78.76712328767124,,,,,-0.8218702321510831,21.91780821917808,,,1.784178104626027,93.15068493150685,,,-0.02242656790412902,46.57534246575342,-1.2043261615827894,1.36986301369863,,,,,-1.3527967444218554,2.73972602739726,-0.6548746282501139,30.82191780821918,-0.9606682777482198,15.068493150684931
206,Edwards,Marcus Edwards,Midfielder,Burnley,23,1058,1058,279,2,0.0,20.0,4,31.0,3,50,12,6,19,54.0,2.00747139,1.47,23.733459357277884,0.17013232514177695,0.0,1.7013232514177694,0.3402646502835539,2.6370510396975426,0.2551984877126654,4.253308128544424,1.0207939508506616,0.5103969754253308,1.616257088846881,4.593572778827977,0.17076788761814746,0.12504725897920604,1.0,-0.7240958170247507,24.65753424657534,,,,,0.7139263639202097,78.76712328767124,,,-0.825701774626432,26.71232876712329,,,-0.1130423876574918,43.83561643835616,0.15100495823183033,67.12328767123287,,,,,0.8549009174083798,81.5068493150685,0.6221893845229061,78.76712328767124,-0.2480436600443044,50.0
207,Hannibal,Hannibal Mejbri,Midfielder,Burnley,27,1219,1219,385,6,3.0,21.0,7,100.0,8,65,20,17,17,22.0,1.92756008,0.9,28.424938474159145,0.44298605414273995,0.22149302707136997,1.5504511894995898,0.51681706316653,7.383100902379,0.59064807219032,4.799015586546349,1.4766201804758,1.25512715340443,1.25512715340443,1.62428219852338,0.14231370566037735,0.06644790812141099,1.0,-0.3516819626729183,45.20547945205479,,,,,0.46424692947047097,69.86301369863014,,,1.1083211278008636,85.61643835616438,,,0.44221049491260617,65.06849315068493,0.8360552329405582,86.3013698630137,,,,,-0.7144098406674048,30.136986301369863,0.2156636681530934,63.6986301369863,-0.827181210579558,21.232876712328768
209,Laurent,Josh Laurent,Midfielder,Burnley,33,1752,1752,496,25,8.0,12.0,35,73.0,27,64,8,24,12,24.0,0.52207247,0.87,25.479452054794518,1.2842465753424657,0.410958904109589,0.6164383561643836,1.797945205479452,3.75,1.386986301369863,3.287671232876712,0.410958904109589,1.2328767123287672,0.6164383561643836,1.2328767123287672,0.02681879126712329,0.044691780821917805,1.0,-0.5854973379624426,31.506849315068493,,,,,-1.0814587037063499,14.383561643835616,,,-0.3721732949990641,41.78082191780822,,,-1.0955700441397787,15.753424657534246,-0.7655014627359688,19.17808219178082,,,,,-0.9212730033128332,17.123287671232877,-1.4344154970279848,2.054794520547945,-1.042197078313963,10.95890410958904
210,Tchaouna,Loum Tchaouna,Midfielder,Burnley,29,1259,1259,258,14,1.0,13.0,10,21.0,2,38,7,9,22,29.0,0.952059,1.21,18.443208895949166,1.0007942811755361,0.07148530579825257,0.9293089753772835,0.7148530579825257,1.501191421763304,0.14297061159650515,2.7164416203335984,0.5003971405877681,0.6433677521842732,1.5726767275615567,2.073073868149325,0.06805822875297855,0.08649722001588563,1.0,-1.1440406821102178,8.21917808219178,,,,,-0.5636865047462752,30.136986301369863,,,-1.288566383846105,2.73972602739726,,,-1.6767915105556637,2.73972602739726,-0.631086888745289,28.767123287671232,,,,,-0.4772172937505111,40.41095890410959,-0.8452264670461421,21.91780821917808,-0.6290338043282344,30.82191780821918
215,Flemming,Zian Flemming,Forward,Burnley,29,1764,1764,184,68,5.0,10.0,37,42.0,7,33,4,10,49,72.0,0.42823699,7.87,9.387755102040817,3.4693877551020407,0.25510204081632654,0.5102040816326531,1.8877551020408165,2.142857142857143,0.3571428571428571,1.683673469387755,0.20408163265306123,0.5102040816326531,2.5,3.6734693877551017,0.021848826020408163,0.40153061224489794,1.0,,,0.4370790113412501,75.86206896551724,,,-0.748169569446986,20.689655172413794,,,1.012267649522947,89.65517241379311,,,,,-1.1949128076309126,6.896551724137931,,,0.13802474206789844,55.172413793103445,-1.4886244134049922,10.344827586206897,-0.8731109465767548,17.24137931034483,-0.041322660811570135,55.172413793103445
217,Foster,Lyle Foster,Forward,Burnley,26,1361,1361,195,27,3.0,10.0,20,25.0,4,42,10,12,20,55.0,0.48580136,3.27,12.894930198383541,1.7854518736223366,0.19838354151359294,0.6612784717119765,1.322556943423953,1.6531961792799412,0.26451138868479057,2.7773695811903014,0.6612784717119765,0.7935341660543718,1.322556943423953,3.6370315944158707,0.03212499808963997,0.21623806024981632,1.0,,,-0.6218354304161371,37.93103448275862,,,-0.16860361223304654,41.37931034482759,,,0.1286035629956661,55.172413793103445,,,,,0.009050967988983815,68.96551724137932,,,-1.7788355856642848,6.896551724137931,-1.531117089447622,6.896551724137931,-0.5630174467031884,34.48275862068966,-1.2824262937277244,13.793103448275861
224,Cucurella,Marc Cucurella Saseta,Defender,Chelsea,34,2706,2706,1261,34,8.0,39.0,88,153.0,31,112,1,39,18,83.0,3.14699136,2.34,41.94013303769401,1.130820399113082,0.2660753880266075,1.2971175166297118,2.9268292682926833,5.088691796008869,1.0310421286031042,3.7250554323725056,0.03325942350332594,1.2971175166297118,0.5986696230598669,2.7605321507760534,0.10466711840354767,0.0778270509977827,1.0,0.17539008370068784,62.4,-0.69902009203178,30.4,-0.8945000706815758,24.0,,,-0.7616532952408985,29.599999999999998,-0.23174109918358973,44.800000000000004,0.04466493429444774,55.2,-0.028062339360113236,51.2,,,0.5775402637917922,72.8,,,,,,,,
225,James,Reece James,Defender,Chelsea,29,1957,1957,1170,30,6.0,27.0,40,166.0,32,101,11,35,22,17.0,3.04820404,0.98,53.80684721512519,1.3796627491057742,0.27593254982115484,1.2416964741951968,1.8395503321410323,7.634133878385283,1.4716402657128258,4.644864588656106,0.5058763413387838,1.609606540623403,1.0117526826775676,0.7818088911599387,0.1401831188553909,0.04506898313745529,1.0,1.1492711896212657,84.0,-0.4717466937048791,43.2,-0.8642219385601021,26.400000000000002,,,-1.3740473044944348,7.199999999999999,0.9867029402932206,87.2,1.2540250729605944,89.60000000000001,1.076807746542149,86.4,,,1.345648415333434,89.60000000000001,,,,,,,,
226,Chalobah,Trevoh Chalobah,Defender,Chelsea,34,2780,2780,2108,73,17.0,5.0,179,163.0,35,118,6,23,16,17.0,1.04718796,1.56,68.24460431654676,2.3633093525179856,0.5503597122302158,0.16187050359712232,5.794964028776978,5.276978417266187,1.1330935251798562,3.8201438848920866,0.19424460431654675,0.7446043165467626,0.5179856115107914,0.5503597122302158,0.03390176848920863,0.05050359712230216,1.0,2.334153427678917,98.4,0.4266402019210941,65.60000000000001,-0.021267135308416906,52.800000000000004,,,0.8537817938165292,76.8,-0.14161266413783,49.6,0.32477708348494777,64.0,0.08615742675757677,56.00000000000001,,,-0.7805550939083211,21.6,,,,,,,,
228,Gusto,Malo Gusto,Defender,Chelsea,34,2255,2255,1092,15,5.0,27.0,39,127.0,31,122,12,24,11,48.0,2.99870932,1.55,43.58314855875832,0.5986696230598669,0.19955654101995565,1.0776053215077606,1.5565410199556542,5.068736141906873,1.237250554323725,4.869179600886918,0.4789356984478936,0.9578713968957872,0.43902439024390244,1.9157427937915743,0.11968241188470068,0.06186252771618625,1.0,0.3102295808667989,67.2,-1.1850455426814126,6.4,-1.0988252588254508,15.2,,,-1.5334481735655483,3.2,-0.2412934075872199,43.2,0.6106688033973148,69.6,1.3462537997147368,91.2,,,-0.2563376965162156,43.2,,,,,,,,
230,Fofana,Wesley Fofana,Defender,Chelsea,25,1718,1718,1133,67,19.0,3.0,127,110.0,39,81,10,11,8,16.0,0.58405932,0.72,59.35389988358556,3.509895227008149,0.9953434225844005,0.15715948777648428,6.653084982537834,5.762514551804424,2.0430733410942956,4.243306169965075,0.5238649592549477,0.5762514551804423,0.4190919674039581,0.8381839348079162,0.030596821187427244,0.03771827706635623,1.0,1.6045083940054454,91.2,1.4738432530763885,91.2,1.345584282455729,88.0,,,1.3371059104025438,87.2,0.09080221309497345,65.60000000000001,2.822502842329059,99.2,0.594457813925104,71.2,,,-1.194371884969249,10.4,,,,,,,,
235,Palmer,Cole Palmer,Midfielder,Chelsea,26,1954,1954,690,0,0.0,24.0,12,91.0,15,83,16,12,50,93.0,2.1831390500000003,10.64,31.780962128966223,0.0,0.0,1.105424769703173,0.5527123848515865,4.191402251791198,0.690890481064483,3.8229273285568066,0.736949846468782,0.5527123848515865,2.3029682702149437,4.2835209825997955,0.10055399923234393,0.49007164790174,1.0,-0.0852777704245954,54.109589041095894,,,,,-0.27223100685030577,46.57534246575342,,,-0.1923011721080423,50.0,,,-0.5509513373920691,34.24657534246575,-0.27557751781648493,48.63013698630137,,,,,0.6910342946503966,78.76712328767124,-0.38095845917584004,39.04109589041096,3.359493409764433,100.0
236,Neto,Pedro Lomba Neto,Midfielder,Chelsea,34,2629,2629,809,9,0.0,53.0,13,57.0,6,84,46,11,43,108.0,7.128563,4.680000000000001,27.694941042221377,0.3081019399011031,0.0,1.8143780905287181,0.4450361354127045,1.9513122860403196,0.20540129326740206,2.8756181057436287,1.5747432483834158,0.37656903765690375,1.4720426017497146,3.697223278813237,0.2440360098896919,0.1602130087485736,1.0,-0.40962981888667627,43.15068493150685,,,,,0.9010217607229397,82.1917808219178,,,-1.1051414124362449,10.273972602739725,,,-1.514830736398561,6.164383561643835,0.9835220311558673,89.72602739726028,,,,,0.3811679245179755,69.17808219178082,1.6689731556295995,94.52054794520548,0.09949954454834638,63.6986301369863
237,Enzo,Enzo Fernández,Midfielder,Chelsea,36,3114,3114,1730,26,2.0,68.0,28,293.0,21,140,13,23,67,102.0,7.5701218,11.31,50.0,0.7514450867052024,0.057803468208092484,1.9653179190751444,0.8092485549132947,8.468208092485549,0.6069364161849711,4.0462427745664735,0.3757225433526012,0.6647398843930635,1.9364161849710984,2.947976878612717,0.2187896473988439,0.32687861271676305,1.0,1.360965929503488,91.0958904109589,,,,,1.1508133427313456,86.98630136986301,,,1.550504041586961,90.41095890410958,,,-0.32372969454830003,39.04109589041096,-0.8184573416378069,16.43835616438356,,,,,-0.014819064456210502,53.42465753424658,1.3082776482853335,89.72602739726028,1.7466561807174004,94.52054794520548
241,Caicedo,Moisés Caicedo Corozo,Midfielder,Chelsea,33,2796,2796,1856,15,15.0,18.0,28,228.0,59,177,15,45,24,16.0,2.2952546799999998,1.42,59.74248927038627,0.48283261802575106,0.48283261802575106,0.5793991416309013,0.9012875536480687,7.339055793991416,1.8991416309012876,5.697424892703863,0.48283261802575106,1.448497854077253,0.7725321888412017,0.5150214592274678,0.07388158841201717,0.04570815450643776,1.0,2.1343335369837177,97.26027397260275,,,,,-1.1427552089678588,13.013698630136986,,,1.0903726757562928,84.24657534246576,,,1.356334628011775,91.78082191780823,-0.6574841871546692,28.08219178082192,,,,,-1.3006693409112644,4.794520547945205,-0.7620279600364096,26.71232876712329,-1.0321522543105401,12.32876712328767
242,Dewsbury-Hall,Kiernan Dewsbury-Hall,Midfielder,Everton,31,2629,2629,841,19,4.0,37.0,28,149.0,12,134,28,26,39,84.0,5.36310801,4.32,28.790414606314187,0.6504374286801066,0.13693419551160138,1.2666413084823125,0.9585393685812095,5.100798782807151,0.4108025865348041,4.587295549638646,0.9585393685812095,0.890072270825409,1.3351084062381133,2.8756181057436287,0.18359822019779384,0.1478889311525295,1.0,-0.3226701368375005,47.26027397260274,,,,,-0.00543241130814702,56.849315068493155,,,0.17827936734273622,65.75342465753424,,,0.226787086148354,56.16438356164384,0.05744404419527371,65.75342465753424,,,,,-0.053061667405826074,52.73972602739726,0.8054967152676361,81.5068493150685,-0.022299349246566017,60.273972602739725
246,Andrey Santos,Andrey Nascimento dos Santos,Midfielder,Chelsea,27,1247,1247,710,11,6.0,8.0,18,72.0,20,48,3,21,10,20.0,0.85893541,1.93,51.242983159583,0.7939053728949479,0.4330392943063352,0.5773857257417803,1.2991178829190055,5.196471531676022,1.4434643143544506,3.4643143544506816,0.2165196471531676,1.5156375300721732,0.7217321571772253,1.4434643143544506,0.06199213063352045,0.13929430633520448,1.0,1.459635056621429,93.15068493150685,,,,,-1.146087227726776,12.32876712328767,,,0.2172661653756652,67.8082191780822,,,-0.9158371103088089,20.54794520547945,-1.0577195443976992,7.534246575342466,,,,,-0.8099745700882932,20.54794520547945,-0.9318929854244317,18.493150684931507,-0.10724005066413111,58.9041095890411
250,Delap,Liam Delap,Forward,Chelsea,28,1092,1092,135,24,0.0,3.0,11,13.0,1,25,8,3,34,65.0,0.22552415,4.46,11.126373626373628,1.978021978021978,0.0,0.24725274725274726,0.9065934065934067,1.0714285714285714,0.08241758241758242,2.0604395604395602,0.6593406593406593,0.24725274725274726,2.802197802197802,5.357142857142857,0.01858715521978022,0.36758241758241755,1.0,,,-0.500740995145642,44.827586206896555,,,-1.75692851085694,6.896551724137931,,,-0.9212802954346565,20.689655172413794,,,,,0.003948010794843334,65.51724137931035,,,0.6299984090113505,75.86206896551724,0.4748257502808681,65.51724137931035,-0.971535039438188,13.793103448275861,-0.26871025557937056,41.37931034482759
257,Lacroix,Maxence Lacroix,Defender,Crystal Palace,35,3085,3085,1449,114,18.0,7.0,251,120.0,45,94,7,37,20,74.0,0.94659459,2.37,42.27228525121556,3.325769854132901,0.5251215559157212,0.20421393841166938,7.3225283630470015,3.500810372771475,1.312803889789303,2.7423014586709886,0.20421393841166938,1.079416531604538,0.5834683954619124,2.158833063209076,0.027615401329011347,0.06914100486223664,1.0,0.20264925251538285,63.2,1.3056773471813738,87.2,-0.09879089390345051,50.4,,,1.7141601346012447,96.8,-0.9918230782374161,11.200000000000001,0.8180486912350775,77.60000000000001,-1.2085414201854408,12.0,,,0.042424184963190795,57.599999999999994,,,,,,,,
258,Mitchell,Tyrick Mitchell,Defender,Crystal Palace,38,3253,3253,809,25,12.0,29.0,100,109.0,34,187,14,63,19,55.0,2.53814828,1.6,22.382416231171227,0.6916692284045496,0.3320012296341838,0.8023363049492775,2.7666769136181983,3.015677835843836,0.9406701506301876,5.173685828466032,0.38733476790654775,1.743006455579465,0.5256686135874578,1.5216723024900092,0.07022236249615739,0.04426683061789118,1.0,-1.4296785636121792,4.8,-1.1001068803099658,12.8,-0.6919964104984052,32.800000000000004,,,-0.8518567741362376,24.8,-1.224044762662422,4.8,-0.20338937780456937,47.199999999999996,1.7120251333927592,94.39999999999999,,,1.6735497309802254,95.19999999999999,,,,,,,,
260,Guéhi,Marc Guéhi,Defender,Man City,35,3150,3150,2059,101,23.0,18.0,164,314.0,50,138,6,31,30,62.0,2.14639727,4.25,58.828571428571436,2.8857142857142857,0.6571428571428571,0.5142857142857142,4.685714285714286,8.971428571428572,1.4285714285714284,3.942857142857143,0.17142857142857143,0.8857142857142858,0.8571428571428572,1.7714285714285716,0.06132563628571429,0.12142857142857144,1.0,1.5613955786893312,89.60000000000001,0.9037645518307759,80.0,0.3067374401871306,65.60000000000001,,,0.22901304788464802,60.8,1.626834868276963,92.0,1.1358091059136453,86.4,0.23355996884250793,60.8,,,-0.4337022150579186,37.6,,,,,,,,
261,Richards,Chris Richards,Defender,Crystal Palace,33,2825,2825,1220,106,19.0,9.0,196,141.0,43,65,4,35,14,44.0,1.3693666500000001,2.36,38.86725663716814,3.376991150442478,0.6053097345132743,0.2867256637168142,6.24424778761062,4.4920353982300885,1.3699115044247787,2.0707964601769913,0.12743362831858407,1.1150442477876106,0.44601769911504424,1.4017699115044249,0.04362584017699115,0.07518584070796461,1.0,-0.07679567071757525,52.800000000000004,1.3524589262788569,88.8,0.14752222510207377,59.199999999999996,,,1.1068343208327032,82.39999999999999,-0.5173466670818557,31.2,0.9747984977764811,83.2,-2.0151498131346264,1.6,,,0.1299982663542304,58.4,,,,,,,,
266,Eze,Eberechi Eze,Midfielder,Arsenal,33,1885,1885,564,10,1.0,16.0,10,76.0,11,79,28,14,60,65.0,2.64200545,5.1,26.92838196286472,0.47745358090185674,0.04774535809018567,0.7639257294429708,0.47745358090185674,3.6286472148541113,0.5251989389920424,3.7718832891246685,1.336870026525199,0.6684350132625995,2.8647214854111405,3.103448275862069,0.12614349628647217,0.24350132625994692,1.0,-0.4704799717317305,40.41095890410959,,,,,-0.837380618734954,21.232876712328768,,,-0.4216247488472303,40.41095890410959,,,-0.6028882307167274,31.506849315068493,0.6260280885325293,82.1917808219178,,,,,0.0673496993201706,56.849315068493155,-0.015360578452653007,55.47945205479452,0.9226382224629465,82.1917808219178
267,Sarr,Ismaïla Sarr,Midfielder,Crystal Palace,28,2173,2173,337,25,4.0,19.0,28,43.0,8,80,11,9,48,99.0,1.1402978400000001,10.9,13.957662218131617,1.0354348826507134,0.16566958122411413,0.7869305108145421,1.159687068568799,1.7809479981592269,0.33133916244822825,3.313391624482282,0.4555913483663138,0.3727565577542568,1.9880349746893695,4.100322135296825,0.047228166405890476,0.451449608835711,1.0,-1.5001074332442543,2.73972602739726,,,,,-0.7993098140447603,23.972602739726025,,,-1.174565131961095,6.164383561643835,,,-1.0693997556996782,16.43835616438356,-0.698424435983612,24.65753424657534,,,,,0.5942111935882759,76.02739726027397,-1.1428261671621196,9.58904109589041,2.9777916882614632,99.31506849315068
270,Hughes,Will Hughes,Midfielder,Crystal Palace,31,1560,1560,546,16,8.0,21.0,28,109.0,15,66,10,16,17,28.0,1.93144305,1.08,31.499999999999996,0.9230769230769231,0.46153846153846156,1.2115384615384617,1.6153846153846152,6.288461538461538,0.8653846153846154,3.807692307692308,0.5769230769230769,0.9230769230769231,0.9807692307692307,1.6153846153846152,0.11142940673076922,0.062307692307692314,1.0,-0.10758079826899225,52.73972602739726,,,,,-0.09662257260502383,52.054794520547944,,,0.6622538379560183,76.71232876712328,,,-0.5664528467208982,32.87671232876712,-0.5160779000085979,34.24657534246575,,,,,-0.7191123352744179,29.45205479452055,-0.22558119931742843,45.89041095890411,-0.8680989751954675,20.54794520547945
271,Kamada,Daichi Kamada,Midfielder,Crystal Palace,28,1899,1899,693,14,1.0,20.0,23,103.0,14,108,12,36,19,37.0,3.26084233,1.65,32.843601895734594,0.6635071090047393,0.04739336492890995,0.9478672985781991,1.0900473933649288,4.881516587677726,0.6635071090047393,5.118483412322274,0.5687203791469194,1.7061611374407584,0.9004739336492892,1.7535545023696681,0.154542290521327,0.07819905213270141,1.0,-0.0009244648954818012,56.849315068493155,,,,,-0.5329741807929316,33.56164383561644,,,0.08892152245165233,58.9041095890411,,,0.7672663990411118,79.45205479452055,-0.5284055371643853,33.56164383561644,,,,,-0.6460876567448023,33.56164383561644,0.39037381192614573,71.91780821917808,-0.7110446210258452,25.34246575342466
272,Lerma,Jefferson Lerma Solís,Midfielder,Crystal Palace,31,1722,1722,685,65,4.0,13.0,61,122.0,25,102,3,18,18,51.0,1.41534982,1.84,35.801393728223,3.3972125435540073,0.20905923344947736,0.6794425087108015,3.18815331010453,6.37630662020906,1.3066202090592336,5.331010452961673,0.156794425087108,0.9407665505226481,0.9407665505226481,2.6655052264808363,0.07397298710801395,0.09616724738675958,1.0,0.23386772521441074,65.06849315068493,,,,,-0.9771926058233252,17.123287671232877,,,0.6980508491297096,77.3972602739726,,,0.9835109275128152,86.3013698630137,-1.147479143833303,3.4246575342465753,,,,,-0.16410920314534058,49.31506849315068,-0.7607221442368023,27.397260273972602,-0.5334648964274085,37.67123287671233
273,Wharton,Adam Wharton,Midfielder,Crystal Palace,34,2552,2552,965,23,3.0,44.0,42,228.0,26,164,15,37,30,30.0,7.4305261400000004,1.51,34.03213166144201,0.8111285266457681,0.10579937304075236,1.5517241379310345,1.4811912225705328,8.040752351097177,0.9169278996865203,5.783699059561129,0.5289968652037618,1.304858934169279,1.0579937304075235,1.0579937304075235,0.2620483356583072,0.05325235109717868,1.0,0.09342210257964338,58.9041095890411,,,,,0.4663535424537226,71.23287671232876,,,1.376315143969255,88.35616438356165,,,1.4441178883216637,93.83561643835617,-0.5881050506424386,30.136986301369863,,,,,-1.0137010555734602,15.753424657534246,1.926315772171531,95.2054794520548,-0.9575929380320916,15.753424657534246
283,Mateta,Jean-Philippe Mateta,Forward,Crystal Palace,32,2210,2210,199,67,6.0,9.0,46,40.0,6,57,14,5,62,88.0,1.30322672,14.55,8.104072398190045,2.728506787330317,0.24434389140271492,0.36651583710407243,1.8733031674208145,1.6289592760180998,0.24434389140271492,2.3212669683257916,0.5701357466063348,0.20361990950226247,2.524886877828054,3.5837104072398187,0.053072581357466064,0.5925339366515837,1.0,,,-0.02881138568935882,55.172413793103445,,,-1.2994000919523023,10.344827586206897,,,0.08486456280120096,51.724137931034484,,,,,-0.23096062015835755,55.172413793103445,,,0.17854022052206497,58.620689655172406,-1.5932986796385122,3.4482758620689653,0.06909627868509587,68.96551724137932,1.2380321608894813,93.10344827586206
291,Tarkowski,James Tarkowski,Defender,Everton,37,3330,3330,1230,146,52.0,18.0,242,228.0,32,88,5,30,21,84.0,1.9400878700000002,2.75,33.24324324324324,3.9459459459459456,1.4054054054054053,0.4864864864864865,6.54054054054054,6.162162162162161,0.8648648648648648,2.378378378378378,0.13513513513513514,0.8108108108108109,0.5675675675675675,2.27027027027027,0.0524348072972973,0.07432432432432431,1.0,-0.5383489113108673,30.4,1.8720983279814107,95.19999999999999,2.6051670257070323,100.0,,,1.2737168942427461,86.4,0.2821042474657274,72.8,-0.41146082246877513,40.0,-1.6456839755056214,5.6000000000000005,,,-0.6178173846624531,28.799999999999997,,,,,,,,
292,Mykolenko,Vitalii Mykolenko,Defender,Everton,33,2959,2959,941,48,9.0,22.0,146,214.0,30,107,10,27,9,23.0,2.41586281,0.26,28.621155795876987,1.459952686718486,0.2737411287597161,0.6691449814126393,4.440689422102062,6.508955728286583,0.9124704291990537,3.2544778641432917,0.3041568097330179,0.8212233862791483,0.2737411287597161,0.6995606623859412,0.07348011250422441,0.007908077053058467,1.0,-0.9176757887933998,18.4,-0.3984160609840751,47.199999999999996,-0.8709533017876719,25.6,,,0.09100636569379389,56.8,0.44810627772159534,79.2,-0.2807923810129327,44.0,-0.5933177237855131,31.2,,,-0.5922229365965461,29.599999999999998,,,,,,,,
293,O'Brien,Jake O'Brien,Defender,Everton,37,3118,3118,791,114,16.0,17.0,142,177.0,15,113,6,32,13,37.0,1.10437212,1.6800000000000002,22.831943553559974,3.290570878768442,0.46183450930083386,0.490699166132136,4.0987812700449,5.109044259140474,0.43296985246953174,3.2617062219371395,0.1731879409878127,0.9236690186016677,0.3752405388069275,1.0679923027581784,0.0318773222578576,0.04849262347658756,1.0,-1.3927866186876037,5.6000000000000005,1.2735293195287638,85.6,-0.29318899742686155,44.0,,,-0.1015684162438088,52.800000000000004,-0.22199884750830354,45.6,-1.5969324985543352,4.0,-0.5846350571235619,32.0,,,-0.3404082511682549,39.2,,,,,,,,
295,Keane,Michael Keane,Defender,Everton,33,2588,2588,936,110,27.0,2.0,204,99.0,37,88,5,24,26,65.0,0.50694892,2.34,32.55023183925811,3.8253477588871716,0.9389489953632149,0.0695517774343122,7.094281298299845,3.4428129829984546,1.286707882534776,3.060278207109737,0.17387944358578053,0.8346213292117465,0.9041731066460588,2.260432766615147,0.017629599227202475,0.08137557959814529,1.0,-0.5952231818492273,27.200000000000003,1.761953250964915,92.80000000000001,1.1723581597737989,84.0,,,1.5856033030161556,92.80000000000001,-1.0195850824737003,8.799999999999999,0.7464199931225649,73.6,-0.8265893652809987,20.8,,,-0.559290358521016,32.0,,,,,,,,
299,Ndiaye,Iliman Ndiaye,Midfielder,Everton,32,2781,2781,790,10,2.0,30.0,19,47.0,17,179,71,43,43,102.0,4.36162261,6.64,25.566343042071196,0.32362459546925565,0.06472491909385113,0.9708737864077671,0.6148867313915858,1.5210355987055018,0.5501618122977346,5.792880258899676,2.2977346278317152,1.3915857605177993,1.3915857605177993,3.3009708737864076,0.1411528352750809,0.21488673139158573,1.0,-0.5785998528252488,32.87671232876712,,,,,-0.494900552071157,34.93150684931507,,,-1.2804798500345225,3.4246575342465753,,,1.453459683680013,94.52054794520548,2.0700883823516105,95.8904109589041,,,,,0.17174309885533645,61.64383561643836,0.19907827955553908,63.013698630136986,0.6398401003158833,78.08219178082192
300,McNeil,Dwight McNeil,Midfielder,Everton,22,1161,1161,265,7,3.0,15.0,13,45.0,10,62,6,16,24,23.0,1.95585139,1.3900000000000001,20.54263565891473,0.5426356589147286,0.23255813953488372,1.1627906976744184,1.0077519379844961,3.488372093023256,0.7751937984496124,4.8062015503875966,0.46511627906976744,1.2403100775193798,1.8604651162790697,1.7829457364341086,0.15161638682170542,0.10775193798449613,1.0,-0.977386287356107,14.383561643835616,,,,,-0.1772956538734725,50.0,,,-0.47878708512921264,36.986301369863014,,,0.4495221544444484,65.75342465753424,-0.6841096467703003,26.71232876712329,,,,,-0.630553986811522,34.93150684931507,0.34857134157985126,70.54794520547945,-0.41897336643139893,39.726027397260275
302,Gana,Idrissa Gana Gueye,Midfielder,Everton,25,2094,2094,927,13,7.0,13.0,24,118.0,29,114,7,20,29,34.0,1.74969116,2.0,39.84240687679083,0.5587392550143266,0.3008595988538682,0.5587392550143266,1.0315186246418337,5.07163323782235,1.2464183381088825,4.899713467048711,0.3008595988538682,0.8595988538681949,1.2464183381088825,1.4613180515759312,0.07520162578796562,0.08595988538681948,1.0,0.5546470028476465,73.28767123287672,,,,,-1.1769454277574685,10.95890410958904,,,0.16639436115982395,65.06849315068493,,,0.54466976608027,73.28767123287672,-0.9309670599498419,9.58904109589041,,,,,-0.8005386253278268,21.232876712328768,-0.7431685480635474,28.08219178082192,-0.6343442839895247,30.136986301369863
303,Garner,James Garner,Midfielder,Everton,38,3413,3413,1557,33,10.0,56.0,84,262.0,60,184,15,71,45,28.0,5.96926489,2.0300000000000002,41.05772048051568,0.8702021681804863,0.2636976267213595,1.4767067096396134,2.21506006445942,6.908877820099619,1.5821857603281568,4.852036331673015,0.3955464400820392,1.8722531497216526,1.1866393202461176,0.7383533548198067,0.1574080984764137,0.053530618224435986,1.0,0.6511196956026465,75.34246575342466,,,,,0.3422065742772447,68.4931506849315,,,0.9150744640437736,80.13698630136986,,,0.49615867014075565,69.86301369863014,-0.7886644841458914,17.123287671232877,,,,,-1.182635373909435,9.58904109589041,0.4313176926410784,73.28767123287672,-0.9548428232250973,16.43835616438356
304,Iroegbunam,Tim Iroegbunam,Midfielder,Everton,29,1477,1477,398,21,12.0,8.0,9,58.0,22,78,11,45,12,24.0,0.7664849300000001,0.58,24.251861882193634,1.2796208530805686,0.7312119160460393,0.4874746106973595,0.5484089370345294,3.5341909275558563,1.3405551794177386,4.752877454299255,0.6702775897088693,2.7420446851726474,0.7312119160460393,1.4624238320920786,0.04670524285714286,0.03534190927555856,1.0,-0.6829445558553444,26.71232876712329,,,,,-1.29488188241381,6.164383561643835,,,-0.46011583684643337,37.67123287671233,,,0.3952653220897912,63.6986301369863,-0.37577764856892154,43.15068493150685,,,,,-0.7999542051732043,21.91780821917808,-1.1502971909496518,8.21917808219178,-1.134601885294132,6.8493150684931505
310,Barry,Thierno Barry,Forward,Everton,38,1898,1898,224,125,4.0,12.0,25,34.0,5,35,9,4,38,93.0,0.46628352,8.2,10.621707060063224,5.927291886195996,0.18967334035827185,0.5690200210748156,1.1854583772391991,1.612223393045311,0.23709167544783982,1.6596417281348788,0.4267650158061117,0.18967334035827185,1.8018967334035825,4.409905163329821,0.022110388198103265,0.3888303477344573,1.0,,,1.9826902246277585,93.10344827586206,,,-0.5225342633945447,27.586206896551722,,,0.05466223948071995,48.275862068965516,,,,,-0.6085073388166139,24.137931034482758,,,-0.9984773154415715,20.689655172413794,-0.6298148102447618,34.48275862068966,-0.865218053136514,20.689655172413794,-0.12639000028737588,51.724137931034484
311,Beto,Norberto Bercique Gomes Betuncal,Forward,Everton,37,1551,1551,129,91,5.0,12.0,43,18.0,1,26,13,4,43,95.0,0.224228,8.9,7.485493230174081,5.28046421663443,0.2901353965183752,0.6963249516441006,2.495164410058027,1.0444874274661509,0.058027079303675046,1.5087040618955514,0.7543520309477757,0.23210831721470018,2.495164410058027,5.512572533849129,0.01301129593810445,0.5164410058027079,1.0,,,1.5759436446896002,89.65517241379311,,,-0.03415496955988616,48.275862068965516,,,-0.9698994894084453,17.24137931034483,,,,,0.25414713711073694,72.41379310344827,,,0.13015247132904587,51.724137931034484,0.656083238576116,72.41379310344827,-1.1397920234404617,3.4482758620689653,0.7283559116342806,82.75862068965517
316,Robinson,Antonee Robinson,Defender,Fulham,22,1487,1487,631,17,3.0,22.0,56,87.0,29,98,11,31,6,27.0,1.25446206,1.07,38.19098856758574,1.0289172831203766,0.18157363819771352,1.3315400134498991,3.3893745796906525,5.265635507733692,1.7552118359112305,5.931405514458641,0.6657700067249496,1.8762609280430398,0.36314727639542704,1.6341627437794215,0.07592574673839945,0.06476126429051782,1.0,-0.13229584419914897,51.2,-0.7920905339097107,24.8,-1.1540631375301165,9.6,,,-0.5011313920841918,40.8,-0.1470422516369452,48.0,2.032376419851373,98.4,2.6221941709951255,100.0,,,2.00109354426539,98.4,,,,,,,,
317,Andersen,Joachim Andersen,Defender,Fulham,33,2882,2882,1928,77,19.0,7.0,229,330.0,35,114,4,27,16,35.0,1.86842936,1.47,60.20818875780707,2.404580152671756,0.5933379597501736,0.21859819569743233,7.151283830673143,10.305343511450381,1.0929909784871619,3.5600277585010414,0.12491325468424705,0.8431644691186675,0.4996530187369882,1.0929909784871619,0.05834789812630118,0.04590562109646079,1.0,1.674618432990356,92.80000000000001,0.46433376574932994,68.0,0.11074866030107772,57.599999999999994,,,1.617709148330554,93.60000000000001,2.2653489869408876,96.0,0.21470303336007193,60.8,-0.22629274287481466,44.0,,,-0.5382910436702032,33.6,,,,,,,,
318,Bassey,Calvin Bassey,Defender,Fulham,30,2532,2532,1486,38,21.0,10.0,97,189.0,22,120,8,35,13,19.0,0.3489067,1.7,52.81990521327015,1.3507109004739337,0.7464454976303319,0.3554502369668246,3.447867298578199,6.718009478672985,0.7819905213270142,4.265402843601896,0.2843601895734597,1.2440758293838863,0.46208530805687204,0.6753554502369669,0.01240189691943128,0.06042654028436019,1.0,1.0682745334387096,83.2,-0.4981890779155959,39.2,0.5810473484379973,72.8,,,-0.4681862209412013,42.4,0.5481754554303172,80.80000000000001,-0.6389355191396828,32.0,0.6210002260466687,72.0,,,0.44716207698589844,68.8,,,,,,,,
319,Castagne,Timothy Castagne,Defender,Fulham,30,1838,1838,681,26,10.0,18.0,63,58.0,30,56,3,24,13,41.0,1.39313667,1.42,33.34602829162133,1.2731229597388465,0.4896626768226333,0.8813928182807399,3.0848748639825896,2.8400435255712733,1.4689880304679,2.7421109902067466,0.14689880304678998,1.1751904243743199,0.6365614798694232,2.0076169749727963,0.06821670310119696,0.06953210010881393,1.0,-0.5299135167197572,32.800000000000004,-0.5690519152122511,35.199999999999996,-0.20770953077251092,46.400000000000006,,,-0.6726364176290015,33.6,-1.3081168301279817,4.0,1.2467451793037132,88.8,-1.2087702099371094,11.200000000000001,,,0.2778395182800809,63.2,,,,,,,,
321,J.Cuenca,Jorge Cuenca Barreno,Defender,Fulham,15,935,935,546,15,10.0,3.0,75,67.0,16,40,2,9,1,6.0,0.57158729,0.05,52.55614973262033,1.4438502673796794,0.9625668449197861,0.2887700534759358,7.219251336898396,6.449197860962567,1.5401069518716577,3.8502673796791442,0.1925133689839572,0.8663101604278075,0.0962566844919786,0.5775401069518716,0.05501909743315507,0.004812834224598931,1.0,1.0466285684860537,82.39999999999999,-0.4131227681202313,45.6,1.2449048404719412,85.6,,,1.6559908553077614,95.19999999999999,0.4195015737462382,78.4,1.4419534232941245,93.60000000000001,0.1223416156685979,57.599999999999994,,,-0.4813981840733941,36.0,,,,,,,,
322,Tete,Kenny Tete,Defender,Fulham,22,1791,1791,743,25,6.0,11.0,68,88.0,27,83,8,37,16,24.0,1.45343405,0.94,37.33668341708543,1.2562814070351758,0.30150753768844224,0.5527638190954774,3.417085427135678,4.42211055276382,1.3567839195979898,4.170854271356784,0.4020100502512563,1.8592964824120604,0.8040201005025126,1.206030150753769,0.07303688693467338,0.04723618090452261,1.0,-0.202407218950655,48.8,-0.5844336897220049,32.800000000000004,-0.785663538303431,28.000000000000004,,,-0.4855236612596286,41.6,-0.550818067495795,29.599999999999998,0.9387657130928649,82.39999999999999,0.5074289613720827,65.60000000000001,,,1.9593943869349766,96.8,,,,,,,,
324,Iwobi,Alex Iwobi,Midfielder,Fulham,29,2420,2420,1204,7,3.0,44.0,18,166.0,14,126,19,18,38,62.0,4.1760575,1.94,44.77685950413223,0.26033057851239666,0.1115702479338843,1.6363636363636362,0.6694214876033058,6.1735537190082646,0.5206611570247933,4.685950413223141,0.706611570247934,0.6694214876033058,1.413223140495868,2.3057851239669422,0.155307923553719,0.07214876033057852,1.0,0.9463483141574047,82.1917808219178,,,,,0.6064241548128364,76.02739726027397,,,0.6154287179255573,75.34246575342466,,,0.32716760428424047,60.95890410958904,-0.32117218330199887,47.94520547945205,,,,,-0.35422620634994745,43.15068493150685,0.40131243309021514,72.6027397260274,-0.7708396720462589,23.28767123287671
325,Smith Rowe,Emile Smith Rowe,Midfielder,Fulham,37,1909,1909,826,7,1.0,18.0,18,75.0,22,71,14,22,36,76.0,1.10180849,4.83,38.94185437401781,0.33001571503404925,0.04714510214772132,0.8486118386589838,0.8486118386589838,3.535882661079099,1.0371922472498691,3.3473022524882134,0.6600314300680985,1.0371922472498691,1.6972236773179676,3.5830277632268204,0.05194487380827659,0.22771084337349395,1.0,0.4831603308944225,71.23287671232876,,,,,-0.6972328698013582,25.34246575342466,,,-0.45942645273260807,38.35616438356164,,,-1.034895968599174,18.493150684931507,-0.3911763554015492,41.0958904109589,,,,,0.3208140297787846,67.12328767123287,-1.0754384327859359,12.32876712328767,0.7665808353628514,80.13698630136986
328,Sessegnon,Ryan Sessegnon,Midfielder,Fulham,27,1816,1816,516,19,8.0,14.0,64,73.0,25,74,9,28,16,69.0,1.69202543,1.6,25.572687224669604,0.9416299559471365,0.39647577092511016,0.6938325991189427,3.1718061674008813,3.61784140969163,1.2389867841409692,3.6674008810572687,0.4460352422907489,1.3876651982378854,0.7929515418502203,3.4196035242290748,0.08385588584801762,0.07929515418502203,1.0,-0.5780962458741524,33.56164383561644,,,,,-0.9533783251069007,17.80821917808219,,,-0.4260281317167897,39.726027397260275,,,-0.7091982277794473,27.397260273972602,-0.712786077913685,23.972602739726025,,,,,0.23444208016541881,63.6986301369863,-0.6195248855683557,32.87671232876712,-0.7002118413375837,26.71232876712329
329,Wilson,Harry Wilson,Midfielder,Fulham,36,2674,2674,628,4,3.0,39.0,48,73.0,16,82,18,19,72,104.0,4.79353353,5.85,21.13687359760658,0.13462976813762154,0.10097232610321616,1.3126402393418102,1.6155572176514585,2.456993268511593,0.5385190725504861,2.7599102468212418,0.605833956619297,0.6394913986537023,2.423335826477188,3.50037397157816,0.16133807692595364,0.1968960359012715,1.0,-0.9302151424704755,16.43835616438356,,,,,0.07069160327926223,60.95890410958904,,,-0.8990756040865572,23.28767123287671,,,-1.6325625380453745,4.10958904109589,-0.4726284344211215,37.67123287671233,,,,,0.27713036833777754,64.38356164383562,0.48746540783065084,76.02739726027397,0.4620380058187863,73.28767123287672
330,Berge,Sander Berge,Midfielder,Fulham,35,2904,2904,1535,50,16.0,21.0,50,182.0,25,133,6,39,15,27.0,1.24117439,1.54,47.57231404958678,1.5495867768595042,0.49586776859504134,0.6508264462809917,1.5495867768595042,5.640495867768594,0.7747933884297521,4.12190082644628,0.1859504132231405,1.2086776859504134,0.46487603305785125,0.8367768595041323,0.038466148450413226,0.04772727272727273,1.0,1.1682540236365389,89.04109589041096,,,,,-1.024549566368665,16.43835616438356,,,0.3982067918091441,70.54794520547945,,,-0.24674824454262212,40.41095890410959,-1.1036613106681974,5.47945205479452,,,,,-1.1306172030462822,12.32876712328767,-1.2680093698098718,5.47945205479452,-1.0121973032140141,13.013698630136986
332,Lukić,Saša Lukić,Midfielder,Fulham,26,1730,1730,624,23,9.0,28.0,36,77.0,17,71,5,27,18,35.0,1.94825183,2.25,32.46242774566474,1.1965317919075145,0.4682080924855491,1.4566473988439306,1.8728323699421965,4.005780346820809,0.8843930635838151,3.69364161849711,0.26011560693641617,1.4046242774566473,0.9364161849710982,1.8208092485549132,0.1013541414450867,0.11705202312138728,1.0,-0.031182413587186607,56.16438356164384,,,,,0.30901025342604727,66.43835616438356,,,-0.26794239497587075,45.89041095890411,,,-0.6824984917018334,29.45205479452055,-0.9922002252258612,8.21917808219178,,,,,-0.6105426018349744,36.986301369863014,-0.36952680435913365,39.726027397260275,-0.3270605986770443,47.26027397260274
335,King,Josh King,Midfielder,Fulham,32,1290,1290,277,3,5.0,15.0,14,36.0,3,59,15,13,23,69.0,0.63422142,2.41,19.325581395348838,0.20930232558139533,0.3488372093023256,1.0465116279069768,0.9767441860465116,2.511627906976744,0.20930232558139533,4.116279069767442,1.0465116279069768,0.9069767441860465,1.6046511627906976,4.813953488372093,0.04424800604651163,0.16813953488372094,1.0,-1.0739971552632008,11.643835616438356,,,,,-0.36972685689912826,39.726027397260275,,,-0.8768119016151006,23.972602739726025,,,-0.25246833605916813,39.726027397260275,0.1896554363905525,69.86301369863014,,,,,0.9713751421454135,84.93150684931507,-1.1854038039675443,7.534246575342466,0.17783742479727485,67.12328767123287
337,Raúl,Raúl Jiménez Rodríguez,Forward,Fulham,36,2183,2183,330,85,3.0,25.0,30,64.0,8,55,10,21,72,105.0,0.86973418,11.52,13.605130554283097,3.5043518094365553,0.12368300503893724,1.0306917086578105,1.2368300503893725,2.6385707741639943,0.3298213467704993,2.267521759047183,0.4122766834631241,0.8657810352725608,2.968392120934494,4.328905176362804,0.03585711232249198,0.47494273934951897,1.0,,,0.45906556230462403,82.75862068965517,,,1.2485746147688737,86.20689655172413,,,1.9068546510837252,96.55172413793103,,,,,-0.6466603307445641,20.689655172413794,,,0.9005603648542376,82.75862068965517,-0.7242745974663152,24.137931034482758,-0.45039726512233014,41.37931034482759,0.45039736068214914,58.620689655172406
338,Muniz,Rodrigo Muniz Carvalho,Forward,Fulham,21,987,987,56,77,3.0,8.0,24,34.0,2,15,5,3,28,61.0,0.14295512,3.33,5.1063829787234045,7.0212765957446805,0.2735562310030395,0.7294832826747721,2.188449848024316,3.1003039513677813,0.18237082066869303,1.3677811550151977,0.45592705167173253,0.2735562310030395,2.5531914893617023,5.562310030395136,0.013035421276595743,0.3036474164133739,1.0,,,2.670623904730189,100.0,,,0.09305017654937488,55.172413793103445,,,2.740119004591444,100.0,,,,,-0.5317132059485794,34.48275862068966,,,0.22461972019527615,62.06896551724138,0.7140856348305956,75.86206896551724,-1.139064017856476,6.896551724137931,-0.696951765381151,27.586206896551722
342,Bogle,Jayden Bogle,Defender,Leeds,34,2795,2795,672,24,5.0,21.0,73,136.0,33,134,19,43,18,70.0,3.15091971,2.08,21.638640429338103,0.7728085867620751,0.16100178890876565,0.6762075134168157,2.350626118067978,4.379248658318426,1.0626118067978534,4.31484794275492,0.6118067978533095,1.3846153846153846,0.5796064400715564,2.2540250447227193,0.10146074200357781,0.06697674418604652,1.0,-1.4907189821826219,4.0,-1.0260004522340351,13.600000000000001,-1.2172534537424735,8.0,,,-1.0861913190892776,12.8,-0.5713350614471628,28.799999999999997,0.13131784356387535,58.4,0.6803934279684417,76.0,,,0.7926128598893326,76.8,,,,,,,,
343,Struijk,Pascal Struijk,Defender,Leeds,34,2935,2935,1607,108,19.0,12.0,205,186.0,31,118,3,23,31,58.0,0.7799888700000001,3.08,49.277683134582624,3.31175468483816,0.5826235093696763,0.3679727427597956,6.286201022146508,5.703577512776832,0.950596252129472,3.61839863713799,0.0919931856899489,0.7052810902896082,0.950596252129472,1.778534923339012,0.023917886984667805,0.09444633730834752,1.0,0.7775703752506458,78.4,1.2928769731540584,86.4,0.07783720455028292,56.8,,,1.1304638685451982,83.2,0.06259042057186925,64.0,-0.17614407085811842,49.6,-0.1561779399798636,47.199999999999996,,,-0.8772128588659999,18.4,,,,,,,,
344,Bijol,Jaka Bijol,Defender,Leeds,25,1888,1888,854,66,14.0,7.0,160,117.0,23,63,2,13,12,48.0,0.81640315,0.9,40.70974576271187,3.146186440677966,0.6673728813559322,0.3336864406779661,7.627118644067796,5.577330508474576,1.096398305084746,3.003177966101695,0.09533898305084745,0.6197033898305084,0.5720338983050848,2.288135593220339,0.03891752304025423,0.04290254237288136,1.0,0.07441428684959997,60.0,1.141659716499753,84.8,0.3381608895719935,67.2,,,1.8857161697380909,98.4,0.002158910085377894,60.0,0.22405551268185558,61.6,-0.8951778847109397,17.599999999999998,,,-1.0875656209334141,12.8,,,,,,,,
347,Gudmundsson,Gabriel Gudmundsson,Defender,Leeds,32,2637,2637,728,18,7.0,21.0,83,155.0,27,112,36,45,16,51.0,2.69183981,1.13,24.84641638225256,0.6143344709897611,0.23890784982935154,0.7167235494880545,2.832764505119454,5.290102389078498,0.9215017064846416,3.8225255972696246,1.2286689419795223,1.5358361774744027,0.5460750853242321,1.74061433447099,0.09187166587030716,0.038566552901023884,1.0,-1.22746225029713,10.4,-1.1707384795010265,8.799999999999999,-0.9779502897300981,18.4,,,-0.8146339017198819,28.000000000000004,-0.13533052346777244,51.2,-0.256003200509178,44.800000000000004,0.0890183275663893,56.8,,,1.1643184711556884,84.8,,,,,,,,
348,Rodon,Joe Rodon,Defender,Leeds,35,2952,2952,1261,85,22.0,9.0,184,158.0,29,85,1,20,18,46.0,0.57585956,1.4,38.44512195121951,2.591463414634146,0.6707317073170731,0.27439024390243905,5.609756097560975,4.817073170731708,0.8841463414634146,2.591463414634146,0.03048780487804878,0.6097560975609756,0.5487804878048781,1.4024390243902438,0.017556693902439025,0.04268292682926829,1.0,-0.11143954842897716,52.0,0.6350185146992424,74.4,0.34847815719366493,68.0,,,0.7494661267216028,71.2,-0.3617586302329969,39.2,-0.35853674665248686,42.4,-1.389727312426038,8.799999999999999,,,-1.112016387812668,12.0,,,,,,,,
350,Aaronson,Brenden Aaronson,Midfielder,Leeds,37,2449,2449,538,23,4.0,34.0,17,46.0,15,130,30,25,41,97.0,3.60026059,4.51,19.771335238873007,0.8452429563086974,0.14699877501020825,1.2494895875867702,0.6247447937933851,1.6904859126173948,0.551245406288281,4.777460187831768,1.102490812576562,0.9187423438138015,1.5067374438546346,3.5647202939975497,0.1323084741118824,0.1657411188240098,1.0,-1.0386128121118805,12.32876712328767,,,,,-0.03381693736679661,55.47945205479452,,,-1.211428576362497,5.47945205479452,,,0.42027805273004676,64.38356164383562,0.273785206341279,72.6027397260274,,,,,0.31113828143498706,66.43835616438356,0.0727186371297341,58.9041095890411,0.1541338720846128,65.06849315068493
354,Ampadu,Ethan Ampadu,Midfielder,Leeds,35,3119,3119,1464,56,18.0,19.0,82,216.0,51,182,12,46,23,26.0,2.1197355300000003,2.49,42.244309073420965,1.6159025328630972,0.5193972427059955,0.5482526450785509,2.366142994549535,6.232766912471947,1.4716255210003206,5.251683231805066,0.3462648284706637,1.327348509137544,0.663674254568772,0.750240461686438,0.061165821641551786,0.07184995190766272,1.0,0.7453121710255227,78.08219178082192,,,,,-1.1942998060616468,9.58904109589041,,,0.6395581888746715,76.02739726027397,,,0.9027961277284108,84.24657534246576,-0.862728632670704,13.698630136986301,,,,,-1.176352875048617,10.273972602739725,-0.9436984857688598,17.123287671232877,-0.7737927965364382,22.602739726027394
356,Gruev,Ilia Gruev,Midfielder,Leeds,23,1318,1318,515,14,6.0,11.0,19,47.0,15,51,6,13,7,12.0,0.89634314,0.48999999999999994,35.16691957511381,0.9559939301972686,0.40971168437025796,0.7511380880121395,1.2974203338391501,3.2094081942336876,1.024279210925645,3.4825493171471926,0.40971168437025796,0.8877086494688922,0.4779969650986343,0.8194233687405159,0.061207042943854324,0.033459787556904395,1.0,0.18350259324658838,63.6986301369863,,,,,-0.8585429932647559,20.54794520547945,,,-0.5924653196230685,35.61643835616438,,,-0.8972831846617816,21.232876712328768,-0.7673758792778899,18.493150684931507,,,,,-1.1397887606991943,11.643835616438356,-0.943109555836764,17.80821917808219,-1.1532028995715038,6.164383561643835
358,Tanaka,Tanaka Ao,Midfielder,Leeds,28,1307,1307,588,12,2.0,18.0,15,75.0,21,81,4,15,17,14.0,1.42009073,1.6300000000000001,40.48967100229533,0.8263198163733741,0.13771996939556236,1.239479724560061,1.0328997704667178,5.164498852333589,1.4460596786534046,5.577658760520276,0.2754399387911247,1.0328997704667178,1.17061973986228,0.9640397857689365,0.0977874259372609,0.11224177505738334,1.0,0.6060274143889517,74.65753424657534,,,,,-0.05038234323222103,54.794520547945204,,,0.20423724745669203,66.43835616438356,,,1.2344735664593167,91.0958904109589,-0.969169655538309,8.904109589041095,,,,,-1.0633570027087742,14.383561643835616,-0.4204845714479272,37.67123287671233,-0.3746002939206754,43.15068493150685
365,Nmecha,Lukas Nmecha,Forward,Leeds,31,1065,1065,146,32,1.0,11.0,11,14.0,3,31,7,7,29,64.0,1.56872295,7.27,12.338028169014084,2.704225352112676,0.08450704225352113,0.9295774647887324,0.9295774647887324,1.1830985915492958,0.2535211267605634,2.619718309859155,0.5915492957746479,0.5915492957746479,2.4507042253521125,5.408450704225352,0.1325681366197183,0.6143661971830986,1.0,,,-0.04408035329159479,51.724137931034484,,,0.8606705265565958,79.3103448275862,,,-0.7197555800447091,34.48275862068966,,,,,-0.17457104065213905,58.620689655172406,,,0.057771931352666665,48.275862068965516,0.5346594428490162,68.96551724137932,2.467952077282782,100.0,1.3842663055903128,96.55172413793103
370,Frimpong,Jeremie Frimpong,Defender,Liverpool,21,1032,961,370,7,0.0,15.0,13,23.0,6,52,15,9,10,66.0,1.76783518,0.5048,32.26744186046512,0.6104651162790697,0.0,1.3081395348837208,1.1337209302325582,2.1540062434963576,0.5232558139534884,4.534883720930233,1.3081395348837208,0.7848837209302325,0.872093023255814,6.181061394380853,0.15417167267441861,0.04402325581395349,0.9312015503875969,-0.6184312757809033,26.400000000000002,-1.1742724494802397,7.199999999999999,-1.7118008232570767,0.8,,,-1.7715954247713341,0.8,-1.6365069526102272,1.6,-1.3491142857581855,7.199999999999999,0.9446992869320502,82.39999999999999,,,-0.6815470121178708,25.6,,,,,,,,
371,Kerkez,Milos Kerkez,Defender,Liverpool,34,2251,2187,902,33,8.0,26.0,71,148.0,14,88,10,26,9,41.0,0.73313757,1.5899999999999999,36.06397156819192,1.3194135939582408,0.3292181069958848,1.039537983118614,2.838738338516215,6.090534979423868,0.5597512216792536,3.518436250555309,0.3998223011994669,1.039537983118614,0.3598400710795202,1.6872427983539096,0.029312475033318526,0.06357174589071524,0.9715681919147046,-0.30685652179776807,47.199999999999996,-0.526773622349086,37.6,-0.7005452967507642,32.0,,,-0.8112692271521914,28.799999999999997,0.24781797771469405,71.2,-1.2489411628361569,8.0,-0.27625225093459044,41.6,,,-0.05559858003576577,52.800000000000004,,,,,,,,
372,Robertson,Andrew Robertson,Defender,Liverpool,24,1165,1140,585,13,3.0,20.0,33,119.0,8,40,3,10,10,28.0,1.36886056,1.1,45.1931330472103,1.004291845493562,0.23684210526315788,1.5450643776824033,2.5493562231759657,9.394736842105264,0.6180257510729613,3.0901287553648067,0.23175965665236054,0.7725321888412017,0.7725321888412017,2.210526315789474,0.1057488844635193,0.0849785407725322,0.9785407725321889,0.442358277208924,71.2,-0.8145815081948258,22.400000000000002,-0.9842956138921737,17.599999999999998,,,-0.9742594846906366,18.4,1.8294627115259927,92.80000000000001,-1.0889883917904442,13.600000000000001,-0.7907330383576349,23.200000000000003,,,-0.7119074784163745,24.8,,,,,,,,
373,Virgil,Virgil van Dijk,Defender,Liverpool,38,3420,3330,2460,167,26.0,12.0,275,415.0,28,87,2,15,30,68.0,1.25552621,3.7928,64.73684210526316,4.394736842105264,0.7027027027027026,0.3157894736842105,7.2368421052631575,11.216216216216216,0.736842105263158,2.289473684210526,0.052631578947368425,0.39473684210526316,0.7894736842105263,1.8378378378378377,0.03304016342105263,0.09981052631578949,0.9736842105263158,2.0462773323628016,96.8,2.2819892975502922,96.8,0.4466831012249779,69.6,,,1.665898599131876,96.0,2.701362607336408,98.4,-0.7628595444878538,24.0,-1.7524758425046738,4.0,,,-1.6405406884206846,5.6000000000000005,,,,,,,,
374,Konaté,Ibrahima Konaté,Defender,Liverpool,36,3090,3012,1932,118,24.0,8.0,188,233.0,29,117,5,30,12,19.0,0.98092429,1.19,56.271844660194176,3.436893203883495,0.7171314741035857,0.23300970873786409,5.475728155339806,6.962151394422311,0.8446601941747572,3.4077669902912624,0.14563106796116507,0.8737864077669902,0.34951456310679613,0.5677290836653386,0.028570610388349515,0.03466019417475728,0.974757281553398,1.3515693491624146,87.2,1.4071688390115544,89.60000000000001,0.49100379474023953,70.39999999999999,,,0.6739768422705197,68.8,0.6650405234241237,84.0,-0.466918894778798,37.6,-0.4091876041645123,38.4,,,-0.4630213257416157,36.8,,,,,,,,
375,Bradley,Conor Bradley,Defender,Liverpool,15,928,928,414,15,4.0,4.0,29,64.0,13,43,7,15,6,28.0,0.98559506,0.24000000000000002,40.150862068965516,1.454741379310345,0.3879310344827586,0.3879310344827586,2.8125,6.206896551724138,1.2607758620689655,4.170258620689656,0.6788793103448276,1.454741379310345,0.5818965517241379,2.7155172413793105,0.09558572780172413,0.02327586206896552,1.0,0.028547650002322452,58.4,-0.40317566699329804,46.400000000000006,-0.520197463090425,38.4,,,-0.8260475887904372,27.200000000000003,0.3035175613646384,73.6,0.6752414083192977,71.2,0.5067134688166299,64.8,,,0.96498482826046,80.80000000000001,,,,,,,,
381,M.Salah,Mohamed Salah,Midfielder,Liverpool,27,2144,2054,607,8,1.0,49.0,7,48.0,4,81,19,12,68,176.0,5.2989454,8.1252,25.48041044776119,0.33582089552238803,0.043816942551119765,2.0569029850746268,0.29384328358208955,2.103213242453749,0.16791044776119401,3.400186567164179,0.7975746268656716,0.503731343283582,2.8544776119402986,7.711781888997078,0.22243707369402987,0.3410764925373134,0.9580223880597015,-0.5854212598621655,32.19178082191781,,,,,1.3023782328247404,90.41095890410958,,,-1.0432415299857474,15.753424657534246,,,-0.9810866102405966,19.17808219178082,-0.18446599380611872,52.73972602739726,,,,,2.5029171590576924,98.63013698630137,1.3603885327155099,91.0958904109589,1.8869738672054526,95.8904109589041
382,Wirtz,Florian Wirtz,Midfielder,Liverpool,33,2374,2374,1184,8,2.0,60.0,13,130.0,11,115,38,26,51,161.0,5.01774381,6.88,44.88626790227464,0.3032855939342881,0.07582139848357203,2.2746419545071612,0.4928390901432182,4.928390901432182,0.41701769165964614,4.3597304128053915,1.4406065711878684,0.9856781802864364,1.9334456613310869,6.103622577927548,0.19022617645324347,0.26082561078348776,1.0,0.9550332517294512,83.56164383561644,,,,,1.6627162705925753,95.2054794520548,,,0.10802288020381495,60.95890410958904,,,-0.0047585824077781376,47.26027397260274,0.781931245919804,84.93150684931507,,,,,1.6529829275274568,93.83561643835617,0.9001905170017133,84.24657534246576,1.0938541754875286,86.3013698630137
384,Gakpo,Cody Gakpo,Midfielder,Liverpool,36,2736,2672,587,56,4.0,54.0,21,58.0,13,87,33,15,87,183.0,4.52184035,8.4515,19.309210526315788,1.8421052631578947,0.1347305389221557,1.776315789473684,0.6907894736842105,1.9535928143712575,0.4276315789473684,2.861842105263158,1.0855263157894737,0.4934210526315789,2.861842105263158,6.163922155688623,0.14874474835526313,0.27800986842105263,0.9766081871345029,-1.0752966896496483,10.273972602739725,,,,,0.8380321410382136,80.82191780821918,,,-1.1042120934974893,11.643835616438356,,,-1.5288477044001993,5.47945205479452,0.24828967223424114,71.91780821917808,,,,,1.6848520806226635,94.52054794520548,0.3075441601814145,66.43835616438356,1.2636862424013244,87.67123287671232
386,Mac Allister,Alexis Mac Allister,Midfielder,Liverpool,37,2654,2564,1227,18,9.0,35.0,35,173.0,21,112,11,26,52,62.0,1.72900912,3.8810000000000002,41.608892238131126,0.6103993971363979,0.31591263650546025,1.186887716654107,1.186887716654107,6.072542901716068,0.7121326299924642,3.7980406932931423,0.3730218538055765,0.881688018085908,1.763376036171816,2.1762870514820594,0.05863256247174077,0.13160889223813113,0.9660889223813113,0.6948722080938234,76.71232876712328,,,,,-0.1374172960497681,50.68493150684932,,,0.5742666484807933,74.65753424657534,,,-0.5762732855622763,32.19178082191781,-0.822516142987641,15.753424657534246,,,,,-0.4226677120916177,41.78082191780822,-0.9798912324198175,15.753424657534246,-0.18319501995772175,56.16438356164384
387,Szoboszlai,Dominik Szoboszlai,Midfielder,Liverpool,36,3232,3142,1908,19,8.0,78.0,58,276.0,30,187,24,28,71,66.0,6.9994659,4.6842,53.13118811881188,0.5290841584158416,0.22915340547422022,2.1720297029702973,1.6150990099009899,7.905792488860598,0.8353960396039604,5.20730198019802,0.6683168316831682,0.7797029702970297,1.9771039603960394,1.8905155951623172,0.19491086974009897,0.13043873762376237,0.9721534653465347,1.6095224736073392,93.83561643835617,,,,,1.4929023991202497,93.83561643835617,,,1.3213187844648255,86.98630136986301,,,0.8576385666111243,82.1917808219178,-0.37872442463586375,42.465753424657535,,,,,-0.5737018425092446,38.35616438356164,0.9671208647881387,84.93150684931507,-0.19475966132649042,54.109589041095894
388,C.Jones,Curtis Jones,Midfielder,Liverpool,34,1923,1878,1487,10,6.0,21.0,29,221.0,18,144,22,23,23,46.0,2.71416287,2.7976,69.59438377535102,0.46801872074882994,0.2875399361022364,0.982839313572543,1.357254290171607,10.591054313099042,0.842433697347894,6.739469578783152,1.029641185647426,1.076443057722309,1.076443057722309,2.2044728434504792,0.1270279034321373,0.13093291731669265,0.9765990639625585,2.916385830909429,99.31506849315068,,,,,-0.47509870130163273,35.61643835616438,,,2.415567268436013,98.63013698630137,,,2.416606587333864,99.31506849315068,0.16430125457028427,67.8082191780822,,,,,-0.40777113482352495,42.465753424657535,-0.002725028114650208,56.849315068493155,-0.18987568202128563,54.794520547945204
390,Gravenberch,Ryan Gravenberch,Midfielder,Liverpool,36,2991,2946,1632,27,12.0,29.0,54,225.0,48,128,29,35,38,31.0,2.26216599,1.9,49.10732196589769,0.8124373119358075,0.3665987780040733,0.8726178535606821,1.624874623871615,6.873727087576375,1.444332998996991,3.8515546639919758,0.8726178535606821,1.053159478435306,1.143430290872618,0.9470468431771895,0.06806918726178536,0.05717151454363089,0.9849548645937813,1.2901043399934706,90.41095890410958,,,,,-0.6575051153858419,26.71232876712329,,,0.9007504843756291,79.45205479452055,,,-0.5218232573418553,34.93150684931507,-0.07168533371834046,60.95890410958904,,,,,-1.0723380057124807,13.698630136986301,-0.8450699025154997,22.602739726027394,-0.9188598345881016,18.493150684931507
402,Aït-Nouri,Rayan Aït-Nouri,Defender,Man City,17,971,971,528,14,1.0,12.0,18,47.0,13,49,22,21,9,27.0,1.90410851,0.59,48.93923789907312,1.297631307929969,0.09268795056642636,1.1122554067971164,1.6683831101956745,4.3563336766220395,1.2049433573635426,4.541709577754892,2.03913491246138,1.9464469618949536,0.8341915550978373,2.502574665293512,0.17648791544799178,0.05468589083419156,1.0,0.7497947487947217,77.60000000000001,-0.5466678813814383,36.8,-1.4270922964201422,4.0,,,-1.4704547467933877,4.0,-0.5823039312776701,27.200000000000003,0.5219915419545343,68.0,0.9528984714745147,83.2,,,2.1736130908307154,99.2,,,,,,,,
403,Gvardiol,Joško Gvardiol,Defender,Man City,18,1370,1370,924,28,10.0,4.0,61,136.0,16,50,2,13,17,32.0,0.7197325800000001,2.42,60.7007299270073,1.8394160583941606,0.656934306569343,0.2627737226277372,4.007299270072993,8.934306569343066,1.0510948905109487,3.284671532846715,0.1313868613138686,0.8540145985401459,1.1167883211678833,2.1021897810218975,0.04728170233576643,0.158978102189781,1.0,1.7150404513688227,94.39999999999999,-0.05184350199704129,60.8,0.3060968377550632,64.8,,,-0.15309431900397596,49.6,1.6090654275626404,91.2,0.09970604518201127,57.599999999999994,-0.5570492423226365,32.800000000000004,,,-0.511621073802437,34.4,,,,,,,,
406,Khusanov,Abdukodir Khusanov,Defender,Man City,21,1427,1427,985,14,9.0,6.0,56,79.0,33,75,7,19,6,8.0,0.56335939,0.6900000000000001,62.12333566923616,0.8829712683952348,0.5676243868255081,0.37841625788367206,3.531885073580939,4.982480728801682,2.081289418360196,4.7302032235459,0.4414856341976174,1.1983181499649616,0.37841625788367206,0.5045550105115627,0.03553072536790469,0.043517869656622285,1.0,1.8317912918134114,96.0,-0.9253863605237295,17.599999999999998,0.03176456989496867,54.400000000000006,,,-0.42086443407333446,43.2,-0.2825818716612136,41.6,2.927398883889163,100.0,1.1793160812519607,88.8,,,0.3346882175583914,65.60000000000001,,,,,,,,
407,Matheus N.,Matheus Nunes,Defender,Man City,34,2861,2861,1910,40,8.0,28.0,100,239.0,30,169,28,40,7,40.0,2.15766212,0.33999999999999997,60.0838867528836,1.258301293254107,0.25166025865082137,0.8808109052778749,3.1457532331352676,7.518350227193289,0.9437259699405802,5.316322963998602,0.8808109052778749,1.258301293254107,0.22020272631946872,1.258301293254107,0.06787472590003495,0.010695560992659909,1.0,1.6644171782695465,92.0,-0.5825888815323073,33.6,-0.9387788601430238,20.8,,,-0.638347563754778,35.199999999999996,0.931279994062977,86.4,-0.19500172076816463,48.8,1.8833601359985968,96.0,,,0.4821287283534619,69.6,,,,,,,,
408,Rúben,Rúben dos Santos Gato Alves Dias,Defender,Man City,26,2139,1959,1623,58,17.0,7.0,118,172.0,23,72,3,6,9,8.0,0.63497818,0.59,68.28892005610098,2.4403927068723705,0.781010719754977,0.29453015427769985,4.964936886395512,7.901990811638591,0.967741935483871,3.02945301542777,0.12622720897615708,0.25245441795231416,0.37868162692847124,0.3675344563552833,0.026717174474053296,0.02482468443197756,0.9158485273492286,2.3377903452621207,99.2,0.49704218895855884,70.39999999999999,0.687220949329587,76.8,,,0.3862811069078438,64.0,1.1149198366880246,88.8,-0.1290823512262032,52.0,-0.8636164289375688,19.2,,,-1.99027549963502,2.4,,,,,,,,
411,O'Reilly,Nico O'Reilly,Defender,Man City,34,2643,2643,1157,51,12.0,23.0,71,128.0,20,108,24,36,36,101.0,2.71964847,6.0,39.398410896708285,1.7366628830874007,0.4086265607264472,0.7832009080590238,2.4177071509648127,4.358683314415437,0.681044267877412,3.677639046538025,0.8172531214528944,1.2258796821793416,1.2258796821793416,3.4392735527809304,0.0926100500567537,0.2043132803632236,1.0,-0.033204741504905926,56.00000000000001,-0.1456903224499623,58.4,-0.45662724977846975,39.2,,,-1.0484089052903303,13.600000000000001,-0.5811792142062757,28.000000000000004,-0.9160142554922093,17.599999999999998,-0.08501866114950454,49.6,,,0.4024353572571934,67.2,,,,,,,,
414,Foden,Phil Foden,Midfielder,Man City,33,2078,2078,1065,6,3.0,54.0,12,109.0,10,102,24,16,54,94.0,4.85065922,6.03,46.12608277189605,0.2598652550529355,0.12993262752646775,2.3387872954764193,0.519730510105871,4.7208854667949955,0.43310875842155916,4.417709335899904,1.039461020211742,0.6929740134744947,2.3387872954764193,4.071222329162657,0.21008629923002886,0.2611645813282002,1.0,1.0534508771254614,86.98630136986301,,,,,1.7688709307209405,95.8904109589041,,,0.02346408403058906,55.47945205479452,,,0.054234498416901304,50.68493150684932,0.17905924770159493,69.17808219178082,,,,,0.5788315473094046,74.65753424657534,1.1839326625677857,88.35616438356165,1.0972042223412004,86.98630136986301
416,Bernardo,Bernardo Mota Veiga de Carvalho e Silva,Midfielder,Man City,38,2869,2869,1962,4,6.0,47.0,34,209.0,22,146,21,26,28,94.0,4.02877912,2.5500000000000003,61.54757755315441,0.12547926106657373,0.18821889159986058,1.474381317532241,1.0665737190658766,6.556291390728477,0.6901359358661554,4.57999302892994,0.658766120599512,0.8156151969327292,0.8783548274660161,2.948762635064482,0.1263820567445103,0.07999302892994076,1.0,2.27762307703775,97.94520547945206,,,,,0.3383582634709838,67.8082191780822,,,0.7713949307015803,78.76712328767124,,,0.2193568309556124,55.47945205479452,-0.39307795856238437,40.41095890410959,,,,,-0.014403781404709295,54.109589041095894,-0.01195225832433598,56.16438356164384,-0.6933147432565241,27.397260273972602
417,Cherki,Rayan Cherki,Midfielder,Man City,33,1772,1772,1097,1,1.0,60.0,7,138.0,7,91,48,16,52,147.0,8.603993710000001,4.15,55.71670428893905,0.05079006772009029,0.05079006772009029,3.047404063205418,0.3555304740406321,7.0090293453724595,0.3555304740406321,4.621896162528216,2.4379232505643342,0.8126410835214446,2.6410835214446955,7.466139954853273,0.43699742319413093,0.21077878103837472,1.0,1.8147630850258847,95.8904109589041,,,,,2.941566733765832,99.31506849315068,,,0.9558863706176469,80.82191780821918,,,0.2619929272339238,57.534246575342465,2.280774490943907,97.26027397260275,,,,,2.37309203098051,96.57534246575342,4.425818419771787,100.0,0.5992412153375767,76.02739726027397
418,Doku,Jérémy Doku,Midfielder,Man City,30,1773,1773,638,4,0.0,59.0,2,46.0,12,87,80,15,37,194.0,6.2497385,2.73,32.38578680203046,0.20304568527918784,0.0,2.99492385786802,0.10152284263959392,2.33502538071066,0.6091370558375634,4.416243654822335,4.060913705583756,0.7614213197969543,1.8781725888324872,9.847715736040609,0.31724560913705585,0.1385786802030457,1.0,-0.03726624099191735,55.47945205479452,,,,,2.8547168039520954,98.63013698630137,,,-0.9487777132494841,21.232876712328768,,,0.052743179888420075,50.0,4.719927801570729,100.0,,,,,3.6317874646240003,100.0,2.714920806605888,98.63013698630137,-0.11431258575557271,58.21917808219178
419,Grealish,Jack Grealish,Midfielder,Everton,20,1627,1627,481,4,6.0,38.0,11,58.0,12,87,23,15,26,105.0,3.55841635,2.15,26.60725261216964,0.2212661339889367,0.33189920098340503,2.1020282728948985,0.6084818684695759,3.2083589428395825,0.6637984019668101,4.8125384142593735,1.272280270436386,0.8297480024585127,1.4382298709280887,5.808236017209588,0.19683925722188075,0.11893054701905346,1.0,-0.4959715099563231,39.04109589041096,,,,,1.3770564482550915,92.46575342465754,,,-0.5928928912426925,34.93150684931507,,,0.45596986169063747,67.12328767123287,0.5289576979400464,78.08219178082192,,,,,1.4968670826854382,92.46575342465754,0.9946717922276761,85.61643835616438,-0.3084951416746889,47.94520547945205
421,Rodrigo,Rodrigo 'Rodri' Hernandez Cascante,Midfielder,Man City,21,1510,1510,1436,36,3.0,25.0,41,177.0,14,107,7,24,14,26.0,2.32114552,1.13,85.58940397350993,2.145695364238411,0.17880794701986755,1.490066225165563,2.4437086092715234,10.549668874172186,0.8344370860927153,6.377483443708609,0.41721854304635764,1.4304635761589404,0.8344370860927153,1.5496688741721854,0.13834642172185432,0.06735099337748345,1.0,4.186084996999212,100.0,,,,,0.3643153480199311,69.17808219178082,,,2.3987026359463908,97.94520547945206,,,2.048288650675136,98.63013698630137,-0.7560940019658036,19.863013698630137,,,,,-0.7538440049680627,25.34246575342466,0.1589829683689933,60.95890410958904,-0.8182560164354196,21.91780821917808
423,N.Gonzalez,Nico González Iglesias,Midfielder,Man City,25,1561,1561,1178,32,6.0,11.0,45,148.0,24,90,12,30,14,17.0,1.11462329,0.69,67.91800128122998,1.8449711723254323,0.3459320948110186,0.6342088404868673,2.5944907110826394,8.532991672005124,1.3837283792440744,5.188981422165279,0.6918641896220372,1.729660474055093,0.8071748878923767,0.9801409352978859,0.06426399493914157,0.03978219090326714,1.0,2.7833130727344813,98.63013698630137,,,,,-1.0520501808882425,15.753424657534246,,,1.5769034537543862,91.78082191780823,,,0.8389975484084075,81.5068493150685,-0.3433356668674641,46.57534246575342,,,,,-1.054847324558455,15.068493150684931,-0.8994347947195174,19.863013698630137,-1.0907185693884958,8.21917808219178
424,Bobb,Oscar Bobb,Midfielder,Fulham,23,1030,1030,344,6,0.0,22.0,3,21.0,9,42,26,12,11,69.0,2.10741927,1.48,30.058252427184463,0.5242718446601942,0.0,1.9223300970873787,0.2621359223300971,1.8349514563106797,0.7864077669902912,3.6699029126213594,2.2718446601941746,1.0485436893203883,0.9611650485436893,6.0291262135922326,0.1841434313592233,0.12932038834951456,1.0,-0.22202802423289314,49.31506849315068,,,,,1.0796724373465423,86.3013698630137,,,-1.1525586364759897,8.904109589041095,,,-0.7066524310931982,28.08219178082192,2.031178972823153,95.2054794520548,,,,,1.613610578197823,93.15068493150685,0.8132861628188561,82.1917808219178,-0.20581231037208303,53.42465753424658
427,Reijnders,Tijjani Reijnders,Midfielder,Man City,28,1623,1623,710,3,1.0,17.0,20,82.0,10,58,19,4,49,72.0,2.21191981,4.65,39.37153419593346,0.16635859519408502,0.05545286506469501,0.9426987060998152,1.1090573012939,4.5471349353049915,0.55452865064695,3.2162661737523104,1.0536044362292052,0.22181146025878004,2.717190388170055,3.9926062846580406,0.12265729075785582,0.25785582255083184,1.0,0.5172687036762651,72.6027397260274,,,,,-0.5415277276225885,31.506849315068493,,,-0.04733953517553661,54.109589041095894,,,-1.1682241087444307,14.383561643835616,0.20031504738659978,70.54794520547945,,,,,0.5372818905608209,73.28767123287672,-0.0651680971518913,52.73972602739726,1.0645037499709977,85.61643835616438
430,Haaland,Erling Haaland,Forward,Man City,35,2953,2953,249,74,1.0,25.0,41,39.0,5,41,15,9,118,213.0,2.881921,25.78,7.588892651540807,2.255333559092448,0.03047748052827633,0.7619370132069082,1.2495767016593295,1.1886217406027768,0.15238740264138165,1.2495767016593295,0.45716220792414497,0.2742973247544869,3.596342702336607,6.491703352522858,0.08783369116153066,0.7857094480189637,1.0,,,-0.32635832339922105,48.275862068965516,,,0.21755226714954054,62.06896551724138,,,-0.7097882581094598,37.93103448275862,,,,,-0.5284605951295808,37.93103448275862,,,1.9228548618521286,100.0,1.7979166172857572,96.55172413793103,1.1180466199221832,89.65517241379311,2.531936456378137,100.0
436,De Ligt,Matthijs de Ligt,Defender,Man Utd,13,1170,1170,537,50,7.0,3.0,68,44.0,15,40,1,13,11,18.0,0.76599626,1.45,41.30769230769231,3.8461538461538463,0.5384615384615385,0.23076923076923078,5.230769230769231,3.3846153846153846,1.1538461538461537,3.076923076923077,0.07692307692307693,1.0,0.8461538461538461,1.3846153846153846,0.05892278923076923,0.11153846153846153,1.0,0.12348674564484467,61.6,1.7809559253855756,93.60000000000001,-0.057814620769348006,52.0,,,0.5360072992835434,66.4,-1.0474429219243293,8.0,0.3817391987725816,66.4,-0.8065956322170645,21.6,,,-0.1527842243211035,47.199999999999996,,,,,,,,
437,Martinez,Lisandro Martínez,Defender,Man Utd,18,1229,1229,829,11,12.0,5.0,62,134.0,12,67,14,11,5,5.0,0.62233245,0.16,60.70789259560618,0.8055329536208299,0.8787632221318145,0.3661513425549227,4.540276647681042,9.812855980471928,0.8787632221318145,4.906427990235964,1.0252237591537836,0.8055329536208299,0.3661513425549227,0.3661513425549227,0.04557357241659886,0.011716842961757528,1.0,1.71562827943244,95.19999999999999,-0.9961125410151296,16.0,0.9874862025394717,81.6,,,0.14709741861035808,58.4,2.0296066375894832,94.39999999999999,-0.37331241044449964,40.8,1.3909963757791923,92.80000000000001,,,-0.6307905287379996,28.000000000000004,,,,,,,,
438,Mazraoui,Noussair Mazraoui,Defender,Man Utd,20,977,977,473,18,2.0,6.0,54,73.0,14,46,8,16,5,14.0,0.34367604,0.19,43.57215967246674,1.6581371545547594,0.1842374616171955,0.5527123848515865,4.974411463664278,6.724667349027635,1.2896622313203685,4.237461617195496,0.736949846468782,1.473899692937564,0.4605936540429888,1.2896622313203685,0.031659000614124876,0.01750255885363357,1.0,0.30932774160662435,66.4,-0.2174096627480795,54.400000000000006,-1.1458807013355552,10.4,,,0.39161752442379283,64.8,0.5513624234251495,81.6,0.7545291323950322,74.4,0.5874373668285824,69.6,,,1.012076584248521,82.39999999999999,,,,,,,,
440,Dalot,Diogo Dalot Teixeira,Defender,Man Utd,34,2609,2609,956,48,9.0,29.0,91,125.0,27,135,17,31,24,47.0,2.52008647,1.9000000000000001,32.9781525488693,1.6558068225373705,0.31046377922575696,1.0003832886163282,3.1391337677270985,4.31199693369107,0.931391337677271,4.656956688386354,0.5864315829819854,1.0693752395553853,0.8279034112686853,1.6213108470678421,0.0869328410502108,0.06554235339210426,1.0,-0.5601044549892633,28.799999999999997,-0.21953800817174834,53.6,-0.7581527527212513,29.599999999999998,,,-0.642075881140169,34.4,-0.6035269009645785,25.6,-0.22885799778786706,45.6,1.0913327153103212,88.0,,,0.017742363578257047,56.8,,,,,,,,
441,Dorgu,Patrick Dorgu,Defender,Man Utd,26,1440,1440,380,42,3.0,27.0,32,42.0,15,77,11,30,26,70.0,1.7740600100000001,2.36,23.75,2.625,0.1875,1.6875,2.0,2.625,0.9375,4.8125,0.6875,1.875,1.6249999999999998,4.375,0.11087875062500001,0.1475,1.0,-1.3174432832041436,8.0,0.6656482436203912,76.0,-1.1358591991765283,12.0,,,-1.2836763682824903,9.6,-1.4110531741817336,2.4,-0.21209085310100587,46.400000000000006,1.2781705510614405,89.60000000000001,,,1.9979941422576388,97.6,,,,,,,,
442,Maguire,Harry Maguire,Defender,Man Utd,23,1649,1649,726,57,11.0,4.0,105,87.0,13,62,1,17,14,27.0,0.51855406,1.1199999999999999,39.62401455427532,3.1109763493026077,0.6003638568829593,0.2183141297756216,5.730745906610066,4.74833232261977,0.7095209217707701,3.3838690115221346,0.0545785324439054,0.9278350515463918,0.7640994542146755,1.4736203759854458,0.028301919587628867,0.06112795633717404,1.0,-0.01468983196499545,57.599999999999994,1.1095015363406548,83.2,0.13233002886256845,58.4,,,0.8176118727475867,73.6,-0.39466327859662287,37.6,-0.8378511240565373,20.8,-0.4378937348603842,36.0,,,-0.33016800713172134,40.0,,,,,,,,
443,Shaw,Luke Shaw,Defender,Man Utd,38,3220,3220,1475,61,9.0,16.0,95,171.0,45,107,8,46,10,30.0,1.8643960099999999,0.72,41.22670807453416,1.704968944099379,0.25155279503105593,0.4472049689440994,2.6552795031055902,4.779503105590062,1.2577639751552796,2.9906832298136643,0.2236024844720497,1.2857142857142856,0.2795031055900621,0.8385093167701864,0.05211044748447204,0.020124223602484472,1.0,0.1168405069834143,60.8,-0.174637120373968,56.00000000000001,-0.9391089549254092,20.0,,,-0.9145997415349576,21.6,-0.37974254833175647,38.4,0.6669743375607238,70.39999999999999,-0.9101864984669287,16.0,,,0.5495107525209345,72.0,,,,,,,,
444,Yoro,Leny Yoro,Defender,Man Utd,32,1730,1730,869,44,11.0,4.0,85,97.0,31,73,2,19,9,22.0,0.62695155,1.34,45.20809248554913,2.2890173410404624,0.5722543352601156,0.20809248554913296,4.421965317919075,5.046242774566474,1.6127167630057804,3.7976878612716765,0.10404624277456648,0.9884393063583815,0.4682080924855491,1.1445086705202312,0.03261597658959538,0.06971098265895954,1.0,0.4435859729413346,72.0,0.3587876120482944,64.0,0.04598633000609956,55.2,,,0.08046028699306512,56.00000000000001,-0.2520604604121203,42.4,1.641253882977679,95.19999999999999,0.059183365261220144,53.6,,,-0.18120078407771775,46.400000000000006,,,,,,,,
447,Heaven,Ayden Heaven,Defender,Man Utd,17,920,920,433,18,11.0,2.0,59,37.0,1,39,5,12,3,8.0,0.17164176,0.34,42.358695652173914,1.7608695652173914,1.0760869565217392,0.1956521739130435,5.771739130434783,3.619565217391304,0.09782608695652174,3.8152173913043477,0.4891304347826087,1.1739130434782608,0.2934782608695652,0.782608695652174,0.016791041739130434,0.03326086956521739,1.0,0.20974080756508762,64.0,-0.12358180711861454,59.199999999999996,1.5936032801617224,93.60000000000001,,,0.8407007084230943,74.4,-0.9349778906812577,18.4,-2.5168399529813943,0.8,0.08023974768654592,55.2,,,0.27469967462622386,62.4,,,,,,,,
449,B.Fernandes,Bruno Borges Fernandes,Midfielder,Man Utd,35,3065,3065,1635,21,5.0,136.0,42,353.0,20,167,15,34,85,91.0,11.9001269,10.83,48.009787928221854,0.6166394779771615,0.1468189233278956,3.99347471451876,1.233278955954323,10.36541598694943,0.5872756933115824,4.903752039151713,0.44045676998368677,0.99836867862969,2.495921696574225,2.6721044045677,0.3494327637846656,0.3180097879282219,1.0,1.2029810956881861,89.72602739726028,,,,,4.507226950549468,100.0,,,2.3236192899981813,97.26027397260275,,,0.5487789802183165,73.97260273972603,-0.721169829742865,23.28767123287671,,,,,-0.1606214471019053,50.0,3.1747796112078013,99.31506849315068,1.6590055602075175,93.83561643835617
450,Cunha,Matheus Santos Carneiro da Cunha,Midfielder,Man Utd,33,2493,2493,700,28,3.0,34.0,22,75.0,21,126,43,22,90,137.0,3.12517869,6.97,25.270758122743683,1.0108303249097472,0.10830324909747292,1.227436823104693,0.7942238267148014,2.707581227436823,0.7581227436823104,4.548736462093863,1.5523465703971118,0.7942238267148014,3.2490974729241877,4.945848375451264,0.11282233537906136,0.2516245487364621,1.0,-0.602063650990509,30.136986301369863,,,,,-0.07031224136101372,54.109589041095894,,,-0.7969606104273697,28.08219178082192,,,0.1875535294238313,54.794520547945204,0.9498626026063121,89.04109589041096,,,,,1.0410833972422593,85.61643835616438,-0.2056803876392221,46.57534246575342,1.00292005321084,84.24657534246576
452,Amad,Amad Diallo,Midfielder,Man Utd,32,2339,2339,798,12,3.0,41.0,28,57.0,17,112,37,24,53,137.0,4.90971822,5.48,30.705429670799486,0.46173578452330055,0.11543394613082514,1.5775972637879436,1.0773834972210345,2.1932449764856776,0.6541256947413425,4.309533988884138,1.42368533561351,0.9234715690466011,2.039333048311244,5.271483539974348,0.1889160495083369,0.21085934159897393,1.0,-0.17065450945453345,50.68493150684932,,,,,0.5091711943719641,72.6027397260274,,,-1.0065534545122596,18.493150684931507,,,-0.055833033871273065,45.89041095890411,0.7565007280486445,84.24657534246576,,,,,1.2131860436735264,89.72602739726028,0.8814726956423087,83.56164383561644,0.6000373955862008,76.71232876712328
453,Garnacho,Alejandro Garnacho Ferreyra,Midfielder,Chelsea,24,1261,1261,410,3,0.0,29.0,6,4.0,4,45,13,12,33,108.0,3.71082066,3.41,29.262490087232358,0.2141157811260904,0.0,2.069785884218874,0.4282315622521808,0.2854877081681205,0.2854877081681205,3.2117367168913558,0.9278350515463918,0.8564631245043616,2.3552735923869945,7.708168120539255,0.2648484214115781,0.24337827121332278,1.0,-0.2851963583097167,48.63013698630137,,,,,1.3236982501394974,91.0958904109589,,,-1.7839675896249674,0.684931506849315,,,-1.1728327941153993,13.698630136986301,0.011299264776275296,63.013698630136986,,,,,2.5010072329104593,97.94520547945206,1.966320677898034,95.8904109589041,0.9214220690885542,81.5068493150685
455,Mount,Mason Mount,Midfielder,Man Utd,23,1010,1010,348,7,1.0,13.0,9,60.0,9,59,7,13,19,37.0,1.64098589,1.52,31.00990099009901,0.6237623762376238,0.0891089108910891,1.1584158415841583,0.8019801980198019,5.346534653465346,0.8019801980198019,5.257425742574258,0.6237623762376238,1.1584158415841583,1.693069306930693,3.297029702970297,0.14622646544554457,0.13544554455445545,1.0,-0.1464853008243775,52.054794520547944,,,,,-0.18453563972988318,48.63013698630137,,,0.2784171272802911,68.4931506849315,,,0.9086390855458801,84.93150684931507,-0.44568424388007155,38.35616438356164,,,,,0.16966013607555272,60.95890410958904,0.271565379789324,64.38356164383562,-0.14527737424653372,56.849315068493155
457,Casemiro,Carlos Henrique Casimiro,Midfielder,Man Utd,34,2575,2575,1284,57,27.0,36.0,73,240.0,31,138,6,45,52,67.0,3.07559444,5.56,44.87766990291262,1.992233009708738,0.9436893203883495,1.258252427184466,2.5514563106796118,8.388349514563107,1.083495145631068,4.823300970873786,0.20970873786407768,1.5728155339805825,1.8174757281553398,2.341747572815534,0.10749650469902913,0.19433009708737864,1.0,0.9543507347657496,82.87671232876713,,,,,-0.019315240981729744,56.16438356164384,,,1.5179615434830713,89.72602739726028,,,0.4669206751646867,68.4931506849315,-1.0679554961184776,6.164383561643835,,,,,-0.3352195593618794,44.52054794520548,-0.2817706838100174,43.83561643835616,0.4366788252519666,72.6027397260274
458,Mainoo,Kobbie Mainoo,Midfielder,Man Utd,28,1653,1653,922,15,10.0,22.0,25,95.0,20,95,19,19,13,28.0,1.27865194,0.48,50.19963702359346,0.8166969147005445,0.5444646098003629,1.1978221415607986,1.3611615245009074,5.172413793103448,1.0889292196007259,5.172413793103448,1.0344827586206897,1.0344827586206897,0.7078039927404719,1.5245009074410163,0.06961807295825771,0.02613430127041742,1.0,1.3768132969489155,91.78082191780823,,,,,-0.11932182501274817,51.369863013698634,,,0.20746259846714596,67.12328767123287,,,0.8221401211201387,80.82191780821918,0.171577538118259,68.4931506849315,,,,,-0.7671456202468426,23.972602739726025,-0.8229409280024428,23.28767123287671,-1.2256007012934202,2.73972602739726
473,Hall,Lewis Hall,Defender,Newcastle,30,2176,2176,1055,27,14.0,25.0,77,188.0,29,134,34,31,23,50.0,2.79556879,1.05,43.63511029411765,1.1167279411764706,0.5790441176470588,1.0340073529411766,3.1847426470588234,7.775735294117647,1.1994485294117647,5.5422794117647065,1.40625,1.2821691176470589,0.9512867647058824,2.0680147058823533,0.11562554738051471,0.04342830882352941,1.0,0.3144939923576852,68.0,-0.7118910555399074,28.000000000000004,0.06684242757991049,56.00000000000001,,,-0.6163873447923812,36.0,1.054484251121358,88.0,0.5069092587263284,67.2,2.154777873197694,99.2,,,0.5407966144810751,71.2,,,,,,,,
474,Schär,Fabian Schär,Defender,Newcastle,16,1089,1089,661,44,12.0,4.0,69,116.0,17,42,0,9,17,19.0,0.6186555300000001,0.99,54.628099173553714,3.6363636363636367,0.9917355371900827,0.3305785123966942,5.702479338842975,9.586776859504132,1.4049586776859504,3.4710743801652892,0.0,0.743801652892562,1.4049586776859504,1.5702479338842976,0.05112855619834711,0.08181818181818182,1.0,1.2166699449595313,85.6,1.58934973811024,92.0,1.3345019817970631,87.2,,,0.8016911405535153,72.8,1.9213878101800632,93.60000000000001,1.0709964857957361,84.8,-0.3331430890490335,40.0,,,-0.782528067191857,20.8,,,,,,,,
475,Botman,Sven Botman,Defender,Newcastle,25,1834,1834,1010,86,26.0,8.0,141,57.0,27,88,4,14,15,42.0,0.89313757,1.73,49.56379498364231,4.220283533260632,1.2758996728462377,0.3925845147219193,6.919302071973827,2.797164667393675,1.3249727371864777,4.318429661941113,0.19629225736095965,0.6870229007633587,0.7360959651035988,2.0610687022900764,0.04382899743729553,0.08489640130861505,1.0,0.8010510894410289,79.2,2.1226571085090935,96.0,2.207365735371736,97.6,,,1.4870488048253379,89.60000000000001,-1.3286419442241901,3.2,0.851449919556634,80.0,0.6846957708597823,76.8,,,-0.9220920806328021,16.0,,,,,,,,
476,Burn,Dan Burn,Defender,Newcastle,29,2195,2195,826,95,12.0,7.0,152,124.0,20,76,2,26,10,45.0,0.40066443,1.06,33.86788154897494,3.8952164009111616,0.4920273348519362,0.2870159453302961,6.232346241457858,5.0842824601366745,0.8200455580865603,3.116173120728929,0.08200455580865604,1.0660592255125283,0.41002277904328016,1.8451025056947608,0.01642815430523918,0.0434624145785877,1.0,-0.4870859049815086,37.6,1.8257658765479168,94.39999999999999,-0.2004460375149545,47.199999999999996,,,1.1001309484758333,81.6,-0.23385174591514346,44.0,-0.5344815038903874,34.4,-0.7594486789874881,25.6,,,0.009591493559230653,56.00000000000001,,,,,,,,
477,Livramento,Tino Livramento,Defender,Newcastle,17,1326,1326,578,8,2.0,10.0,39,78.0,5,80,14,15,3,18.0,1.0219160299999999,0.13999999999999999,39.23076923076923,0.5429864253393666,0.13574660633484165,0.6787330316742082,2.6470588235294117,5.294117647058823,0.3393665158371041,5.429864253393665,0.9502262443438915,1.0180995475113122,0.20361990950226247,1.2217194570135748,0.06936081651583709,0.009502262443438913,1.0,-0.046962808698737445,54.400000000000006,-1.2359022781849092,4.8,-1.2948295117055484,6.4,,,-0.9192299194562399,20.8,-0.13340851267563483,52.0,-1.8538562906338663,1.6,2.0197453560308034,97.6,,,-0.10829494977002431,50.4,,,,,,,,
478,Trippier,Kieran Trippier,Defender,Newcastle,21,1586,1586,852,24,1.0,28.0,48,209.0,10,73,4,14,2,6.0,2.21105258,0.08,48.34804539722573,1.3619167717528373,0.05674653215636822,1.5889029003783104,2.7238335435056746,11.860025220680958,0.5674653215636822,4.14249684741488,0.22698612862547288,0.7944514501891552,0.11349306431273644,0.34047919293820933,0.1254695663303909,0.004539722572509458,1.0,0.7012765828641657,76.0,-0.4879544998912161,40.8,-1.537493143837995,2.4,,,-0.875987677734909,23.200000000000003,3.009539033538653,99.2,-1.2277673899121149,8.799999999999999,0.4733661677886292,64.0,,,-0.6580292234237298,27.200000000000003,,,,,,,,
485,Gordon,Anthony Gordon,Midfielder,Newcastle,26,1798,1798,423,9,0.0,26.0,13,65.0,3,57,31,13,46,83.0,3.3661557699999998,8.81,21.17352614015573,0.45050055617352613,0.0,1.3014460511679644,0.6507230255839822,3.2536151279199115,0.15016685205784205,2.853170189098999,1.5517241379310345,0.6507230255839822,2.3025583982202447,4.1546162402669635,0.16849500517241378,0.4409899888765295,1.0,-0.9273056305015516,17.123287671232877,,,,,0.05216624784343929,60.273972602739725,,,-0.5744509235107325,36.3013698630137,,,-1.5376713082871347,4.794520547945205,0.9489271638268795,88.35616438356165,,,,,0.6229063720241278,77.3972602739726,0.5897166476209078,77.3972602739726,2.8744192345735353,98.63013698630137
486,Elanga,Anthony Elanga,Midfielder,Newcastle,32,1302,1302,339,13,0.0,15.0,6,34.0,3,32,12,11,16,59.0,1.65100657,1.65,23.433179723502302,0.8986175115207373,0.0,1.0368663594470047,0.4147465437788018,2.3502304147465436,0.2073732718894009,2.2119815668202767,0.8294930875576036,0.7603686635944701,1.1059907834101383,4.078341013824885,0.11412487811059907,0.1140552995391705,1.0,-0.7479322858678776,23.28767123287671,,,,,-0.3856888921731459,39.04109589041096,,,-0.9425816375847899,21.91780821917808,,,-2.1900754958622186,0.684931506849315,-0.13649650709345257,55.47945205479452,,,,,0.5825938696964031,75.34246575342466,-0.18707092215444607,47.26027397260274,-0.356677226329591,45.20547945205479
487,Barnes,Harvey Barnes,Midfielder,Newcastle,37,1951,1951,467,7,1.0,23.0,16,56.0,3,67,13,5,57,141.0,2.71826218,6.75,21.542798564838545,0.3229113275243465,0.04613018964633521,1.0609943618657098,0.7380830343413634,2.583290620194772,0.13839056893900564,3.0907227063044593,0.5996924654023578,0.23065094823167603,2.629420809841107,6.5043567401332645,0.1253939498718606,0.31137878011276265,1.0,-0.8979924515326565,18.493150684931507,,,,,-0.34575925959762444,41.78082191780822,,,-0.8476092314738647,25.34246575342466,,,-1.2959635617537364,10.273972602739725,-0.4818583338254304,36.986301369863014,,,,,1.8647764232699333,95.2054794520548,-0.026069369645618255,54.109589041095894,1.5934712911821751,92.46575342465754
488,Bruno G.,Bruno Guimarães Rodriguez Moura,Midfielder,Newcastle,29,2456,2019,1238,13,1.0,44.0,34,170.0,16,133,19,41,42,45.0,4.5495483,5.6521,45.36644951140065,0.4763843648208469,0.04457652303120356,1.6123778501628665,1.2459283387622149,7.578008915304607,0.5863192182410424,4.8737785016286646,0.6962540716612378,1.5024429967426711,1.5390879478827362,2.0059435364041605,0.16671797516286643,0.20712092833876222,0.8220684039087948,0.9931505020439664,84.24657534246576,,,,,0.5667298770433158,73.28767123287672,,,1.1877464544980727,86.3013698630137,,,0.5182811505360312,71.23287671232876,-0.3367382187579809,47.26027397260274,,,,,-0.5126965939239807,39.726027397260275,0.5643281687423358,76.71232876712328,0.5630906467448779,74.65753424657534
489,J.Murphy,Jacob Murphy,Midfielder,Newcastle,33,1606,1606,365,7,4.0,23.0,17,72.0,6,46,21,12,42,57.0,2.68960942,3.06,20.454545454545453,0.39227895392278955,0.22415940224159403,1.2889165628891657,0.9526774595267746,4.0348692403486925,0.33623910336239105,2.5778331257783313,1.1768368617683687,0.6724782067247821,2.3536737235367373,3.194271481942715,0.1507253099626401,0.17148194271481942,1.0,-0.9843789674304481,13.698630136986301,,,,,0.03143109311948743,58.21917808219178,,,-0.2560886243841285,46.57534246575342,,,-1.8178245219649418,1.36986301369863,0.38551809513146584,74.65753424657534,,,,,0.11535100822900465,58.9041095890411,0.335840500854586,69.17808219178082,0.21087045086081757,68.4931506849315
490,Joelinton,Joelinton Cássio Apolinário de Lira,Midfielder,Newcastle,27,1950,1950,688,62,3.0,17.0,40,92.0,30,120,16,23,30,55.0,1.3510265700000001,2.38,31.75384615384615,2.8615384615384616,0.13846153846153847,0.7846153846153846,1.8461538461538463,4.246153846153846,1.3846153846153846,5.538461538461538,0.7384615384615385,1.0615384615384615,1.3846153846153846,2.5384615384615383,0.062355072461538465,0.10984615384615384,1.0,-0.08743026104799766,53.42465753424658,,,,,-0.8031411357138372,23.28767123287671,,,-0.16998980992147977,50.68493150684932,,,1.194590713077501,88.35616438356165,-0.2733056322872901,49.31506849315068,,,,,-0.23125353306601007,47.26027397260274,-0.9267076250842692,19.17808219178082,-0.39827622513787575,41.78082191780822
491,Tonali,Sandro Tonali,Midfielder,Newcastle,35,2534,2534,1293,13,7.0,32.0,37,258.0,31,147,19,26,37,25.0,2.93174857,1.74,45.9234411996843,0.46172059984214675,0.24861878453038672,1.1365430149960536,1.314127861089187,9.163378058405684,1.101026045777427,5.220994475138121,0.6748224151539068,0.9234411996842935,1.314127861089187,0.8879242304656669,0.10412682371744278,0.06179952644041042,1.0,1.037365005893989,86.3013698630137,,,,,-0.22073316300159995,47.94520547945205,,,1.833786913463392,95.2054794520548,,,0.871570568407297,82.87671232876713,-0.3689473397422737,44.52054794520548,,,,,-1.103585116651762,13.013698630136986,-0.3299134129529669,41.78082191780822,-0.8731211799014111,19.863013698630137
493,Longstaff,Sean Longstaff,Midfielder,Leeds,23,1003,1003,377,10,6.0,25.0,11,65.0,12,43,2,24,16,20.0,1.8999879,1.23,33.82851445663011,0.897308075772682,0.5383848454636092,2.243270189431705,0.9870388833499502,5.8325024925224325,1.0767696909272184,3.8584247258225326,0.17946161515453637,2.153539381854437,1.435692921236291,1.794616151545364,0.1704874486540379,0.11036889332003988,1.0,0.07725878475020057,58.21917808219178,,,,,1.6107988747398037,94.52054794520548,,,0.47644979819043004,73.28767123287672,,,-0.5148330255264089,36.3013698630137,-1.113413169184725,4.794520547945205,,,,,-0.6243860125126157,35.61643835616438,0.6181827449733366,78.08219178082192,-0.39310998943657743,42.465753424657535
494,Willock,Joe Willock,Midfielder,Newcastle,24,972,972,301,10,2.0,14.0,6,41.0,9,52,6,15,15,43.0,1.1243514099999998,1.26,27.87037037037037,0.9259259259259259,0.1851851851851852,1.2962962962962963,0.5555555555555556,3.7962962962962967,0.8333333333333333,4.814814814814815,0.5555555555555556,1.3888888888888888,1.3888888888888888,3.9814814814814814,0.10410661203703701,0.11666666666666667,1.0,-0.39570408019432335,43.83561643835616,,,,,0.04364387552635523,59.589041095890416,,,-0.3533074802846755,43.15068493150685,,,0.4582860806679646,67.8082191780822,-0.5481906338341676,32.19178082191781,,,,,0.5314022796455904,72.6027397260274,-0.3302021778124939,41.0958904109589,-0.3308690776107347,46.57534246575342
497,L.Miley,Lewis Miley,Midfielder,Newcastle,23,1493,1493,741,44,3.0,15.0,34,94.0,20,69,11,18,12,26.0,2.1322223,1.48,44.66845277963831,2.652377762893503,0.18084393837910245,0.9042196918955124,2.0495646349631613,5.666443402545211,1.2056262558606832,4.159410582719357,0.6630944407233758,1.0850636302746148,0.7233757535164098,1.5673141326188882,0.12853315941058271,0.08921634293369056,1.0,0.937742890345292,81.5068493150685,,,,,-0.605206969375936,28.767123287671232,,,0.40878045369038524,71.91780821917808,,,-0.20858237381879946,41.78082191780822,-0.38657303037446805,41.78082191780822,,,,,-0.7445182440967243,26.027397260273972,0.018780607361556696,57.534246575342465,-0.6021607048284924,33.56164383561644
505,Milenković,Nikola Milenković,Defender,Nott'm Forest,38,3375,3375,1326,86,36.0,3.0,217,161.0,29,108,3,18,16,35.0,0.7075695,0.83,35.36,2.293333333333333,0.96,0.08,5.786666666666667,4.293333333333334,0.7733333333333333,2.88,0.08,0.48,0.42666666666666664,0.9333333333333333,0.01886852,0.02213333333333333,1.0,-0.364630274423518,44.800000000000004,0.3627295063262669,64.8,1.2370202920353304,84.8,,,0.849108425575858,75.2,-0.6124607332322647,24.8,-0.6626978939449343,30.4,-1.0431386318488864,13.600000000000001,,,-1.4309610821736132,8.0,,,,,,,,
506,Murillo,Murillo Costa dos Santos,Defender,Nott'm Forest,25,2130,2130,931,24,24.0,8.0,131,168.0,34,102,9,22,10,10.0,0.46422994,0.73,39.33802816901408,1.0140845070422535,1.0140845070422535,0.3380281690140845,5.535211267605633,7.098591549295775,1.4366197183098592,4.309859154929577,0.380281690140845,0.9295774647887324,0.4225352112676056,0.4225352112676056,0.01961534957746479,0.03084507042253521,1.0,-0.03816024955423374,55.2,-0.8056376468749916,23.200000000000003,1.4031510590940577,92.0,,,0.7074798380447956,69.6,0.7303512584834181,84.8,1.157900167982004,87.2,0.6744009213756555,74.4,,,-0.3258850988948454,40.8,,,,,,,,
507,Aina,Ola Aina,Defender,Nott'm Forest,18,1587,1587,534,25,3.0,9.0,71,93.0,25,81,14,21,12,10.0,0.82195307,0.41000000000000003,30.283553875236294,1.4177693761814745,0.17013232514177695,0.5103969754253308,4.026465028355387,5.274102079395085,1.4177693761814745,4.593572778827977,0.7939508506616257,1.1909262759924386,0.6805293005671078,0.5671077504725898,0.046613595652173906,0.023251417769376184,1.0,-0.7812455979419378,22.400000000000002,-0.4369430413742986,44.800000000000004,-1.1892072891197172,8.799999999999999,,,-0.1422994850706691,50.4,-0.14298950031054425,48.8,1.1061594762944886,85.6,1.0151962851387204,84.0,,,0.3165187516971585,64.8,,,,,,,,
508,N.Williams,Neco Williams,Defender,Nott'm Forest,37,3203,3203,1075,40,17.0,36.0,88,186.0,47,164,29,62,42,68.0,3.70696048,1.96,30.206056821729632,1.123946300343428,0.4776771776459569,1.0115516703090852,2.4726818607555416,5.22635029659694,1.320636902903528,4.608179831408055,0.8148610677489853,1.7421167655323135,1.1801436153605995,1.9107087105838276,0.10416061292538244,0.05507336871682797,1.0,-0.7876056496838254,21.6,-0.705298363346369,28.799999999999997,-0.24452525269907668,44.800000000000004,,,-1.0174452014817628,14.399999999999999,-0.1658471703112194,47.199999999999996,0.8395488589119868,79.2,1.032742202494161,84.8,,,1.6713628440015122,94.39999999999999,,,,,,,,
511,Morato,Felipe Rodrigues da Silva,Defender,Nott'm Forest,21,1340,1340,640,22,15.0,2.0,87,73.0,11,53,5,18,5,12.0,0.16486577,1.32,42.98507462686567,1.4776119402985075,1.007462686567164,0.13432835820895522,5.843283582089553,4.902985074626866,0.7388059701492538,3.559701492537313,0.33582089552238803,1.208955223880597,0.33582089552238803,0.8059701492537313,0.011073074104477611,0.08865671641791045,1.0,0.26114666764372446,64.8,-0.3822874615990997,48.8,1.382810888220496,90.0,,,0.8809970777648796,77.60000000000001,-0.3206345960442354,40.0,-0.7574690997470969,24.8,-0.22668465189301562,43.2,,,0.3608344900857602,66.4,,,,,,,,
515,Gibbs-White,Morgan Gibbs-White,Midfielder,Nott'm Forest,37,3101,3101,976,37,3.0,49.0,32,167.0,12,110,29,16,80,126.0,2.92047783,10.83,28.32634633989036,1.073847146081909,0.08706868752015479,1.4221218961625284,0.928732666881651,4.846823605288616,0.34827475008061914,3.1925185424056757,0.8416639793614963,0.4643663334408255,2.3218316672041275,3.656884875846501,0.08476072386326991,0.3143179619477588,1.0,-0.35950829543856844,44.52054794520548,,,,,0.2518737108880367,65.75342465753424,,,0.07478407669457482,58.21917808219178,,,-1.1923871297295396,12.32876712328767,-0.1182051665960802,57.534246575342465,,,,,0.3598485258174275,68.4931506849315,-0.6065974388086842,33.56164383561644,1.6225192335839287,93.15068493150685
516,Hudson-Odoi,Callum Hudson-Odoi,Midfielder,Nott'm Forest,30,1838,1838,584,3,2.0,44.0,14,40.0,8,68,30,7,28,66.0,2.99465838,2.78,28.596300326441785,0.14689880304678998,0.09793253536452666,2.1545157780195865,0.6855277475516867,1.9586507072905333,0.39173014145810664,3.3297062023939064,1.4689880304679,0.34276387377584333,1.3710554951033733,3.23177366702938,0.14663724385201307,0.13612622415669204,1.0,-0.3380791038926641,45.89041095890411,,,,,1.4639184585477392,93.15068493150685,,,-1.1021509940512275,12.32876712328767,,,-1.0527998058904675,17.80821917808219,0.8245850583000381,85.61643835616438,,,,,0.1351714269169646,59.589041095890416,0.27743418270225595,65.06849315068493,-0.13855021580931415,57.534246575342465
517,Anderson,Elliot Anderson,Midfielder,Nott'm Forest,38,3332,3332,2019,67,16.0,54.0,49,379.0,41,306,49,61,42,62.0,4.66342376,2.91,54.53481392557023,1.809723889555822,0.432172869147659,1.4585834333733494,1.3235294117647058,10.237094837935174,1.1074429771908765,8.26530612244898,1.3235294117647058,1.64765906362545,1.134453781512605,1.6746698679471788,0.12596282665066025,0.0786014405762305,1.0,1.720943559311771,95.2054794520548,,,,,0.3122142131269666,67.12328767123287,,,2.2713282167393896,96.57534246575342,,,3.969132811372123,100.0,0.6059787995436644,81.5068493150685,,,,,-0.6877792669453063,32.19178082191781,-0.017941810738076686,54.794520547945204,-0.7070678148985102,26.027397260273972
519,Dominguez,Nicolás Domínguez,Midfielder,Nott'm Forest,27,1168,1168,445,13,5.0,11.0,17,65.0,7,58,6,30,18,17.0,0.7881834,1.47,34.28938356164384,1.0017123287671232,0.3852739726027397,0.8476027397260274,1.309931506849315,5.008561643835616,0.5393835616438356,4.469178082191781,0.46232876712328763,2.3116438356164384,1.386986301369863,1.309931506849315,0.06073330993150685,0.11327054794520547,1.0,0.11384299102584065,60.95890410958904,,,,,-0.6989028360474684,24.65753424657534,,,0.14069258583249522,63.013698630136986,,,0.10660352750342138,51.369863013698634,-0.6882989314155921,25.34246575342466,,,,,-0.8805484885736897,18.493150684931507,-0.9498777930153413,16.43835616438356,-0.3644329285558911,44.52054794520548
521,Sangaré,Ibrahim Sangaré,Midfielder,Nott'm Forest,28,2073,2073,823,24,19.0,12.0,50,133.0,25,114,12,32,16,18.0,1.84546462,1.15,35.73082489146165,1.0419681620839363,0.824891461649783,0.5209840810419681,2.170767004341534,5.774240231548481,1.085383502170767,4.949348769898697,0.5209840810419681,1.389290882778582,0.694645441389291,0.7814761215629523,0.08012147409551375,0.04992764109985528,1.0,0.22826590714367642,64.38356164383562,,,,,-1.239426780269786,8.904109589041095,,,0.4527078337503102,72.6027397260274,,,0.5951732814355566,75.34246575342466,-0.6001472711959434,29.45205479452055,,,,,-1.1598444008006095,10.95890410958904,-0.6728785337301479,30.136986301369863,-0.9904510563542984,13.698630136986301
526,Igor Jesus,Igor Jesus Maciel da Cruz,Forward,Nott'm Forest,37,2293,2293,335,77,5.0,15.0,30,43.0,3,61,10,16,68,123.0,1.26189813,6.56,13.148713475795901,3.0222416048844307,0.19624945486262538,0.5887483645878762,1.1774967291757523,1.6877453118185781,0.11774967291757524,2.3942433493240296,0.39249890972525076,0.6279982555604012,2.668992586131705,4.827736589620585,0.049529364020933275,0.25747928477976445,1.0,,,0.1558987590233402,68.96551724137932,,,-0.44685051390934843,34.48275862068966,,,0.19095247360113873,62.06896551724138,,,,,-0.6987423249941737,17.24137931034483,,,0.4131422369034611,68.96551724137932,-0.14255216861032355,51.724137931034484,-0.03782375508778,65.51724137931035,-1.0061894291645548,20.689655172413794
531,Ballard,Daniel Ballard,Defender,Sunderland,29,2144,2144,903,107,24.0,15.0,185,143.0,20,69,3,18,26,72.0,0.56691883,2.4,37.90578358208955,4.49160447761194,1.007462686567164,0.6296641791044776,7.765858208955224,6.002798507462687,0.8395522388059701,2.896455223880597,0.1259328358208955,0.7555970149253731,1.0914179104477613,3.0223880597014925,0.023797898647388058,0.10074626865671642,1.0,-0.15570213363496832,50.4,2.370460720160392,98.4,1.382810888220496,90.0,,,1.9638592069647893,99.2,0.20582056514499933,68.8,-0.4809392845462622,36.0,-1.0233727005159623,14.399999999999999,,,-0.7535346849219889,24.0,,,,,,,,
532,Hume,Trai Hume,Defender,Sunderland,38,3032,3032,779,65,12.0,29.0,99,182.0,25,102,5,46,34,47.0,2.01507378,2.25,23.123350923482846,1.9294195250659631,0.3562005277044855,0.8608179419525066,2.9386543535620056,5.402374670184696,0.7420844327176781,3.027704485488127,0.14841688654353563,1.3654353562005277,1.0092348284960422,1.3951187335092348,0.05981419531662269,0.06678759894459102,1.0,-1.368871310081483,6.4,0.030358718534565406,62.4,-0.6176637009932382,36.0,,,-0.7549929883618962,30.4,-0.08158838859091125,55.2,-0.7484703282761814,25.6,-0.8657167542185451,18.4,,,0.7454677282492871,76.0,,,,,,,,
541,Reinildo,Reinildo Mandava,Defender,Sunderland,25,1966,1966,694,33,14.0,6.0,80,113.0,30,90,14,22,4,15.0,0.67316203,0.14,31.770091556459818,1.510681586978637,0.6408952187182095,0.2746693794506612,3.6622583926754833,5.17293997965412,1.3733468972533063,4.120040691759918,0.6408952187182095,1.007121057985758,0.18311291963377416,0.6866734486266531,0.030816166174974565,0.006408952187182096,1.0,-0.6592479716962565,24.8,-0.3520841984379711,50.4,0.25682975345771697,61.6,,,-0.3474335628172554,45.6,-0.1914134492598216,46.400000000000006,0.9842280136948522,84.0,0.4463919476930398,63.2,,,-0.13528043293490818,48.8,,,,,,,,
544,Diarra,Habib Diarra,Midfielder,Sunderland,20,1403,1403,354,11,0.0,7.0,13,49.0,4,48,5,7,26,46.0,0.8011355,3.25,22.708481824661437,0.7056307911617962,0.0,0.4490377761938703,0.8339272986457591,3.143264433357092,0.25659301496792586,3.0791161796151107,0.3207412687099074,0.4490377761938703,1.6678545972915182,2.9508196721311477,0.05139144333570919,0.20848182466143977,1.0,-0.8054594603525449,20.54794520547945,,,,,-1.3584913206282485,2.73972602739726,,,-0.619419007866819,33.56164383561644,,,-1.3077731078876373,8.904109589041095,-0.9010873766158034,11.643835616438356,,,,,-0.013316609128647428,54.794520547945204,-1.083345309871886,11.643835616438356,0.5765403889572196,75.34246575342466
547,E.Le Fée,Enzo Le Fée,Midfielder,Sunderland,36,2930,2930,901,17,12.0,53.0,36,130.0,29,154,12,56,36,62.0,6.41073496,5.19,27.675767918088738,0.5221843003412969,0.36860068259385664,1.627986348122867,1.10580204778157,3.993174061433447,0.8907849829351535,4.73037542662116,0.36860068259385664,1.720136518771331,1.10580204778157,1.9044368600682593,0.19691677351535838,0.15941979522184302,1.0,-0.4111517988167391,42.465753424657535,,,,,0.5925605105861667,75.34246575342466,,,-0.2730794764139317,45.20547945205479,,,0.37236969266650755,63.013698630136986,-0.8291606148417812,15.068493150684931,,,,,-0.5663442632518191,39.04109589041096,0.9957792697430409,86.3013698630137,0.09166021301655217,63.013698630136986
552,Sadiki,Noah Sadiki,Midfielder,Sunderland,33,2891,2891,931,9,11.0,19.0,44,101.0,34,114,27,25,18,36.0,1.50618806,1.45,28.983050847457626,0.2801798685575925,0.34244206157039087,0.5914908336215843,1.3697682462815635,3.1442407471463163,1.0584572812175719,3.548945001729505,0.8405396056727775,0.7782774126599792,0.560359737115185,1.12071947423037,0.04688928585264614,0.045140089934278795,1.0,-0.3073784978330903,47.94520547945205,,,,,-1.1227445669749667,13.698630136986301,,,-0.6190211584377258,34.24657534246575,,,-0.8297261177499088,24.65753424657534,-0.11989496076383901,56.849315068493155,,,,,-0.9805496404703277,16.43835616438356,-1.147667763377253,8.904109589041095,-1.0377664380864724,11.643835616438356
553,Talbi,Chemsdine Talbi,Midfielder,Sunderland,28,1553,1553,322,1,1.0,12.0,17,25.0,3,61,15,6,25,48.0,0.96189691,2.14,18.660656793303286,0.05795235028976175,0.05795235028976175,0.6954282034771411,0.9851899549259499,1.448808757244044,0.17385705086928527,3.535093367675467,0.8692852543464263,0.34771410173857054,1.448808757244044,2.7817128139085643,0.055744186670959435,0.12401802962009015,1.0,-1.1267794714010069,8.904109589041095,,,,,-0.9507377461375713,18.493150684931507,,,-1.3099124033363376,2.054794520547945,,,-0.8438200422950702,22.945205479452056,-0.07669381690522835,60.273972602739725,,,,,-0.10269190086781872,50.68493150684932,-1.0211575405955555,14.383561643835616,-0.25821553671617814,49.31506849315068
560,Isidor,Wilson Isidor,Forward,Sunderland,32,1148,1148,84,25,1.0,0.0,15,27.0,1,23,6,8,43,67.0,0.28679294,4.7700000000000005,6.585365853658536,1.9599303135888504,0.078397212543554,0.0,1.17595818815331,2.1167247386759582,0.078397212543554,1.8031358885017421,0.47038327526132406,0.627177700348432,3.3710801393728222,5.2526132404181185,0.02248376707317073,0.37395470383275264,1.0,,,-0.5121176306543724,41.37931034482759,,,-2.7054630378543596,3.4482758620689653,,,0.9651079435483715,86.20689655172413,,,,,-0.49364476792097706,41.37931034482759,,,1.556130655652129,96.55172413793103,0.35292640530702357,62.06896551724138,-0.8539509819578215,24.137931034482758,-0.22602819669401145,48.275862068965516
568,Pedro Porro,Pedro Porro Sauceda,Defender,Spurs,34,2793,2793,1094,19,10.0,53.0,102,337.0,31,133,19,49,32,39.0,4.0951713,1.04,35.25241675617616,0.6122448979591837,0.322234156820623,1.707841031149302,3.2867883995703546,10.859291084854995,0.9989258861439312,4.285714285714286,0.6122448979591837,1.5789473684210527,1.0311493018259936,1.2567132116004298,0.13196040708915144,0.033512352309344795,1.0,-0.3734594487768489,43.2,-1.172646934246473,8.0,-0.7219978173184329,30.4,,,-0.5589115624241349,40.0,2.530510831977786,97.6,-0.043488192472379096,53.6,0.645398227130054,72.8,,,1.270287176121974,88.0,,,,,,,,
569,Romero,Cristian Romero,Defender,Spurs,23,1869,1869,977,72,14.0,12.0,95,113.0,31,88,7,30,17,44.0,1.33960109,1.31,47.04654895666131,3.467094703049759,0.6741573033707865,0.5778491171749599,4.574638844301766,5.441412520064206,1.492776886035313,4.237560192616372,0.33707865168539325,1.4446227929373996,0.8186195826645264,2.118780096308186,0.06450727560192616,0.06308186195826646,1.0,0.5944649773989237,75.2,1.4347525575798992,90.4,0.35900052175163616,68.8,,,0.16645142488753698,60.0,-0.06290187600867568,57.599999999999994,1.3120411740994224,90.4,0.5875557751233758,70.39999999999999,,,0.9401130149218435,80.0,,,,,,,,
570,Danso,Kevin Danso,Defender,Spurs,24,1489,1489,824,73,11.0,3.0,135,100.0,25,45,2,12,11,21.0,0.27503653,0.5800000000000001,49.805238415043654,4.412357286769644,0.6648757555406313,0.18132975151108124,8.159838817998658,6.044325050369375,1.5110812625923438,2.719946272666219,0.12088650100738751,0.725319006044325,0.6648757555406313,1.269308260577569,0.016624101880456682,0.03505708529214238,1.0,0.820865942354365,80.80000000000001,2.2980824518667595,97.6,0.3304904965181381,66.4,,,2.1857630411310445,100.0,0.22569835731125984,70.39999999999999,1.3622832915909349,92.0,-1.2353943560501444,10.4,,,-0.8279590123327745,19.2,,,,,,,,
573,Spence,Djed Spence,Defender,Spurs,30,2049,2049,711,22,3.0,10.0,52,146.0,18,110,29,26,13,38.0,1.73394604,0.98,31.229868228404097,0.9663250366032211,0.13177159590043924,0.43923865300146414,2.2840409956076133,6.412884333821377,0.7906295754026355,4.831625183016105,1.273792093704246,1.1420204978038067,0.5710102489019033,1.6691068814055638,0.07616161229868228,0.04304538799414348,1.0,-0.7035831839803438,24.0,-0.8492574613852261,20.8,-1.3070395061872917,5.6000000000000005,,,-1.1236944185648046,11.200000000000001,0.4021191312212625,77.60000000000001,-0.6152229185749739,32.800000000000004,1.3011436237445586,90.4,,,0.1963067634356635,60.8,,,,,,,,
574,Udogie,Destiny Udogie,Defender,Spurs,20,1335,1335,497,8,5.0,12.0,25,68.0,7,69,6,19,4,39.0,0.73628351,0.18,33.50561797752809,0.5393258426966292,0.33707865168539325,0.8089887640449439,1.6853932584269664,4.584269662921348,0.4719101123595506,4.651685393258426,0.40449438202247195,1.2808988764044944,0.2696629213483146,2.6292134831460676,0.049637090561797756,0.012134831460674156,1.0,-0.5168162618705604,33.6,-1.239245571869026,4.0,-0.6764001507527202,33.6,,,-1.4608740287945385,4.8,-0.4731962655360182,34.4,-1.4900487100544273,4.8,1.0850008623808052,87.2,,,0.5376743203269679,70.39999999999999,,,,,,,,
575,Van de Ven,Micky van de Ven,Defender,Spurs,35,3041,3041,1581,46,22.0,5.0,131,120.0,22,122,10,19,16,33.0,0.37635224,2.52,46.79052943110819,1.3613942781979613,0.6511016113120683,0.147977638934561,3.8770141400854983,3.551463334429464,0.6511016113120683,3.610654390003288,0.295955277869122,0.5623150279513318,0.47352844459059523,0.9766524169681026,0.01113834317658665,0.07458073002301875,1.0,0.5734538891604346,74.4,-0.4884317051813287,40.0,0.28818061386577415,64.0,,,-0.2264755190312261,48.8,-0.9675766812593302,15.2,-0.9982012922632684,15.2,-0.16548029029733333,46.400000000000006,,,-1.2286280749027,9.6,,,,,,,,
580,Johnson,Brennan Johnson,Midfielder,Crystal Palace,34,1710,1710,250,16,1.0,19.0,32,56.0,4,56,9,17,22,59.0,1.26587427,2.45,13.157894736842104,0.8421052631578948,0.052631578947368425,1.0,1.6842105263157896,2.947368421052632,0.2105263157894737,2.947368421052632,0.47368421052631576,0.8947368421052633,1.1578947368421053,3.1052631578947367,0.06662496157894737,0.12894736842105264,1.0,-1.563593699061906,2.054794520547945,,,,,-0.4466993381093909,36.986301369863014,,,-0.6992469458895665,29.45205479452055,,,-1.441825376445249,6.8493150684931505,-0.6712331087026666,27.397260273972602,,,,,0.06830888934266137,57.534246575342465,-0.8657035964022807,21.232876712328768,-0.2094988673818103,52.73972602739726
582,Kudus,Mohammed Kudus,Midfielder,Spurs,19,1535,1535,380,11,0.0,23.0,6,31.0,3,95,51,19,26,57.0,2.40658026,1.93,22.28013029315961,0.6449511400651465,0.0,1.3485342019543973,0.3517915309446254,1.8175895765472314,0.1758957654723127,5.570032573289902,2.9902280130293155,1.1140065146579803,1.52442996742671,3.3420195439739415,0.14110242566775247,0.11315960912052116,1.0,-0.8394623922402931,19.863013698630137,,,,,0.13009282157858565,63.6986301369863,,,-1.159633630220941,8.21917808219178,,,1.2267139832236609,90.41095890410958,3.110820031677108,98.63013698630137,,,,,0.19343788351443625,63.013698630136986,0.19835807604515424,62.328767123287676,-0.3655293372745277,43.83561643835616
584,Tel,Mathys Tel,Midfielder,Spurs,31,1334,1334,278,15,2.0,30.0,12,34.0,6,72,37,11,35,68.0,2.62143698,2.46,18.755622188905548,1.0119940029985008,0.13493253373313344,2.0239880059970017,0.8095952023988006,2.2938530734632683,0.4047976011994003,4.857571214392804,2.4962518740629687,0.7421289355322339,2.361319340329835,4.5877061469265366,0.1768585668665667,0.16596701649175413,1.0,-1.1192410324300166,9.58904109589041,,,,,1.2479069592400838,89.04109589041096,,,-0.9655554942391763,20.54794520547945,,,0.5017903681133337,70.54794520547945,2.368435175990448,97.94520547945206,,,,,0.8518003220615757,80.82191780821918,0.7092070941979596,80.82191780821918,0.15636641937488158,65.75342465753424
585,Bentancur,Rodrigo Bentancur,Midfielder,Spurs,26,1880,1880,867,31,7.0,10.0,48,90.0,35,130,18,37,13,29.0,0.79521145,0.76,41.50531914893617,1.4840425531914894,0.3351063829787234,0.4787234042553191,2.2978723404255317,4.308510638297872,1.675531914893617,6.223404255319149,0.8617021276595744,1.771276595744681,0.6223404255319148,1.3882978723404256,0.03806863324468085,0.036382978723404256,1.0,0.6866504826223345,76.02739726027397,,,,,-1.3093643269924922,5.47945205479452,,,-0.14457931748718664,52.054794520547944,,,1.8915143346147407,97.26027397260275,-0.08809031557589742,58.9041095890411,,,,,-0.8391307906049436,19.863013698630137,-1.273688680992252,4.794520547945205,-1.1243129929917994,7.534246575342466
586,Bergvall,Lucas Bergvall,Midfielder,Spurs,23,955,955,246,5,2.0,5.0,13,44.0,2,39,14,14,12,30.0,0.43217451,1.39,23.18324607329843,0.47120418848167545,0.1884816753926702,0.47120418848167545,1.2251308900523559,4.146596858638743,0.1884816753926702,3.675392670157068,1.3193717277486912,1.3193717277486912,1.130890052356021,2.827225130890052,0.04072848785340315,0.13099476439790575,1.0,-0.7677722450120467,21.91780821917808,,,,,-1.3218079399318252,4.10958904109589,,,-0.21055944140910438,49.31506849315068,,,-0.7010666476269543,28.767123287671232,0.5997303162572479,80.82191780821918,,,,,-0.07863801771547424,51.369863013698634,-1.2356872616629186,6.164383561643835,-0.18926444714244836,55.47945205479452
588,Odobert,Wilson Odobert,Midfielder,Spurs,24,972,972,274,4,0.0,20.0,13,30.0,0,54,22,8,22,41.0,1.25068897,1.92,25.37037037037037,0.3703703703703704,0.0,1.8518518518518519,1.2037037037037037,2.7777777777777777,0.0,5.0,2.037037037037037,0.7407407407407408,2.037037037037037,3.7962962962962967,0.11580453425925925,0.17777777777777778,1.0,-0.5941563407041179,30.82191780821918,,,,,0.9630374010933793,84.24657534246576,,,-0.7683554040012212,28.767123287671232,,,0.6467104944735547,76.71232876712328,1.678292244738672,93.15068493150685,,,,,0.43352937179513845,70.54794520547945,-0.16307362642819942,47.94520547945205,0.2730922066236742,71.23287671232876
591,Gray,Archie Gray,Midfielder,Spurs,24,1471,1471,442,8,4.0,8.0,42,79.0,17,58,7,8,11,26.0,1.17649909,1.47,27.042828008157716,0.48946295037389526,0.24473147518694763,0.48946295037389526,2.56968048946295,4.833446634942216,1.0401087695445275,3.548606390210741,0.4282800815771584,0.48946295037389526,0.6730115567641061,1.5907545887151597,0.07198158946295037,0.08993881713120326,1.0,-0.4613951411738099,41.0958904109589,,,,,-1.291591362488387,6.8493150684931505,,,0.06933293990428147,57.534246575342465,,,-0.830070652205336,23.972602739726025,-0.7394698818148899,21.232876712328768,,,,,-0.7321296418595163,28.08219178082192,-0.7891732996921978,25.34246575342466,-0.5950204902877578,34.24657534246575
593,P.M.Sarr,Pape Matar Sarr,Midfielder,Spurs,26,1388,1388,534,27,10.0,11.0,46,74.0,18,77,12,20,17,27.0,1.09799038,1.6900000000000002,34.62536023054755,1.750720461095101,0.648414985590778,0.7132564841498559,2.982708933717579,4.7982708933717575,1.1671469740634006,4.992795389048991,0.7780979827089338,1.296829971181556,1.1023054755043227,1.750720461095101,0.07119534164265129,0.1095821325648415,1.0,0.1405131227948376,63.013698630136986,,,,,-0.9212335756570971,19.863013698630137,,,0.05499876900943684,56.849315068493155,,,0.6393798616597924,76.02739726027397,-0.2137369737603656,50.68493150684932,,,,,-0.6475854863915567,32.87671232876712,-0.8004064449242647,24.65753424657534,-0.4008855482090385,41.0958904109589
596,Solanke,Dominic Solanke-Mitchell,Forward,Spurs,15,997,997,120,19,2.0,6.0,11,19.0,3,34,12,16,20,55.0,0.37354224999999996,2.43,10.832497492477431,1.715145436308927,0.18054162487462388,0.5416248746238715,0.9929789368104314,1.715145436308927,0.27081243731193577,3.0692076228686056,1.083249749247743,1.444332998996991,1.8054162487462386,4.964894684052156,0.03371996238716148,0.21935807422266804,1.0,,,-0.6660464378769798,34.48275862068966,,,-0.6276301321749574,24.137931034482758,,,0.24039996437437536,65.51724137931035,,,,,1.1202531660419013,86.20689655172413,,,-0.9927475951841854,24.137931034482758,0.017397541270439628,55.172413793103445,-0.5148878457331257,37.93103448275862,-1.2615282023864265,17.24137931034483
597,Richarlison,Richarlison de Andrade,Forward,Spurs,32,1954,1954,195,62,3.0,19.0,51,36.0,5,61,11,16,61,124.0,1.4027203,7.99,8.98157625383828,2.85568065506653,0.13817809621289662,0.8751279426816785,2.3490276356192425,1.6581371545547594,0.2302968270214944,2.8096212896622315,0.5066530194472876,0.736949846468782,2.8096212896622315,5.71136131013306,0.06460840685772773,0.368014329580348,1.0,,,0.051159738295294487,58.620689655172406,,,0.6517860863596384,75.86206896551724,,,0.13752026807846307,58.620689655172406,,,,,-0.3981334817082713,44.827586206896555,,,0.6420837396220397,79.3103448275862,0.8879048253803123,82.75862068965517,0.41720104758220583,75.86206896551724,-0.2658172761046974,44.827586206896555
603,Diouf,El Hadji Malick Diouf,Defender,West Ham,32,2706,2706,768,45,13.0,29.0,116,160.0,33,126,22,19,18,28.0,2.49349349,0.5700000000000001,25.543237250554323,1.4966740576496673,0.4323725055432373,0.9645232815964524,3.8580931263858096,5.321507760532151,1.0975609756097562,4.1906873614190685,0.7317073170731708,0.6319290465631929,0.5986696230598669,0.9312638580931264,0.08293215598669623,0.018957871396895788,1.0,-1.1702753434833717,12.0,-0.36487759471015774,49.6,-0.3836871003218875,41.6,,,-0.2371325041464765,48.0,-0.12029750114124085,53.6,0.22724682755343736,62.4,0.5312523684029068,67.2,,,-1.0575145603415563,13.600000000000001,,,,,,,,
605,Kilman,Maximilian Kilman,Defender,West Ham,21,1559,1559,602,45,24.0,4.0,110,69.0,9,44,4,8,7,13.0,0.30805838999999996,0.56,34.75304682488775,2.5978191148171903,1.3855035279025016,0.23091725465041693,6.350224502886466,3.9833226427196924,0.5195638229634381,2.5400898011545863,0.23091725465041693,0.46183450930083386,0.40410519563822966,0.750481077613855,0.01778399942270686,0.03232841565105837,1.0,-0.4144418920779245,42.4,0.640823320751708,75.2,2.544034654233569,99.2,,,1.1665241606681027,85.6,-0.7608556547932508,22.400000000000002,-1.3592481160212253,6.4,-1.4514370359600035,8.0,,,-1.4756124472182464,7.199999999999999,,,,,,,,
606,Mavropanos,Konstantinos Mavropanos,Defender,West Ham,31,2532,2532,950,81,30.0,4.0,194,159.0,49,103,2,25,23,40.0,0.67660231,2.56,33.76777251184834,2.8791469194312795,1.066350710900474,0.14218009478672985,6.895734597156398,5.651658767772512,1.741706161137441,3.661137440758294,0.07109004739336493,0.8886255924170616,0.8175355450236966,1.4218009478672984,0.024049845142180094,0.09099526066350712,1.0,-0.4953016838678762,36.0,0.897766426297722,79.2,1.5636965648787429,92.80000000000001,,,1.47377476822668,88.8,0.037738122487533755,62.4,1.9953058484132948,97.6,-0.10484030618404842,48.8,,,-0.4265461288009975,38.4,,,,,,,,
609,Todibo,Jean-Clair Todibo,Defender,West Ham,23,1817,1817,678,24,13.0,5.0,99,71.0,17,90,3,24,2,9.0,0.33129253000000003,0.25,33.582828838745186,1.1887727022564667,0.6439185470555862,0.2476609796367639,4.903687396807925,3.5167859108420476,0.8420473307649972,4.45789763346175,0.14859658778205834,1.1887727022564667,0.09906439185470556,0.445789763346175,0.0164096465052284,0.012383048981838195,1.0,-0.510479697444479,34.4,-0.6460909307509347,31.2,0.2661164768324233,63.2,,,0.3517832248592544,63.2,-0.984175958990707,12.8,-0.4740907200531211,36.8,0.8522239897538214,80.0,,,0.3112251976375464,64.0,,,,,,,,
610,Wan-Bissaka,Aaron Wan-Bissaka,Defender,West Ham,25,2080,2080,563,22,7.0,18.0,94,129.0,40,75,14,24,0,15.0,1.08439449,0.0,24.36057692307692,0.951923076923077,0.3028846153846154,0.7788461538461539,4.0673076923076925,5.581730769230769,1.7307692307692308,3.2451923076923075,0.6057692307692308,1.0384615384615385,0.0,0.6490384615384616,0.04692091543269231,0.0,1.0,-1.2673342707003594,8.799999999999999,-0.8624110999004124,19.2,-0.7814335843577294,28.799999999999997,,,-0.1192954500482722,51.2,0.0042652127695551306,60.8,1.9652860037688162,96.8,-0.6044714870238581,30.4,,,-0.058244515900059676,52.0,,,,,,,,
612,L.Paquetá,Lucas Tolentino Coelho de Lima,Midfielder,West Ham,18,1513,1513,604,37,6.0,23.0,17,134.0,8,76,16,23,23,25.0,2.10737435,2.81,35.928618638466624,2.200925313945803,0.356906807666887,1.368142762723067,1.0112359550561798,7.970918704560476,0.4758757435558493,4.520819563780568,0.9517514871116985,1.368142762723067,1.368142762723067,1.4871116986120292,0.12535604196959685,0.16715135492399208,1.0,0.2439669536268121,65.75342465753424,,,,,0.16254319244810986,64.38356164383562,,,1.3478578214231984,87.67123287671232,,,0.15914831334408652,53.42465753424658,0.04724270043056136,64.38356164383562,,,,,-0.7869063294345748,23.28767123287671,-0.02661096093602031,53.42465753424658,0.16807123945583316,66.43835616438356
614,Ward-Prowse,James Ward-Prowse,Midfielder,Burnley,18,1092,1092,539,10,7.0,23.0,17,110.0,20,49,2,6,5,1.0,1.91995637,0.22999999999999998,44.42307692307693,0.8241758241758242,0.5769230769230769,1.8956043956043958,1.401098901098901,9.065934065934066,1.6483516483516485,4.038461538461538,0.16483516483516483,0.4945054945054945,0.4120879120879121,0.08241758241758242,0.15823816236263738,0.018956043956043955,1.0,0.9182647329816387,80.13698630136986,,,,,1.0354438509090975,85.61643835616438,,,1.7940783308321961,93.83561643835617,,,-0.3316470387477787,38.35616438356164,-1.1353949095017297,4.10958904109589,,,,,-1.5293064175133806,0.684931506849315,0.44317683926777107,74.65753424657534,-1.2965434386668502,1.36986301369863
615,Summerville,Crysencio Summerville,Midfielder,West Ham,31,2470,2470,530,7,4.0,28.0,30,49.0,16,120,49,26,54,116.0,3.33584379,5.17,19.31174089068826,0.2550607287449393,0.145748987854251,1.0202429149797572,1.0931174089068827,1.785425101214575,0.582995951417004,4.372469635627531,1.785425101214575,0.9473684210526315,1.9676113360323886,4.22672064777328,0.12154896400809717,0.18838056680161944,1.0,-1.0750958270377962,10.95890410958904,,,,,-0.4131991691616045,38.35616438356164,,,-1.1727407053123875,7.534246575342466,,,0.008203472792263923,47.94520547945205,1.3001507194102078,91.0958904109589,,,,,0.6610145393941044,78.08219178082192,-0.08100279331662938,50.68493150684932,0.3778796005832253,71.91780821917808
623,Potts,Freddie Potts,Midfielder,West Ham,22,1162,1162,441,20,3.0,8.0,31,73.0,17,39,2,17,3,8.0,1.0692198,0.25,34.1566265060241,1.5490533562822717,0.2323580034423408,0.6196213425129088,2.4010327022375217,5.654044750430293,1.3166953528399312,3.0206540447504304,0.1549053356282272,1.3166953528399312,0.2323580034423408,0.6196213425129088,0.08281392598967297,0.0193631669535284,1.0,0.10330461591129576,60.273972602739725,,,,,-1.0761911530329058,15.068493150684931,,,0.40372798314260816,71.23287671232876,,,-1.3672578527428214,7.534246575342466,-1.1503182109352992,2.73972602739726,,,,,-1.2453868693262586,6.8493150684931505,-0.6344113960458245,32.19178082191781,-1.2925198409293615,2.054794520547945
624,Bowen,Jarrod Bowen,Forward,West Ham,38,3406,3406,583,32,7.0,45.0,39,69.0,27,159,52,29,79,166.0,4.82480987,7.33,15.405167351732237,0.8455666470933646,0.1849677040516735,1.189078097475044,1.0305343511450382,1.8232530827950677,0.7134468584850264,4.201409277745156,1.3740458015267174,0.7662947739283618,2.087492660011744,4.386376981796829,0.12749057201996478,0.19368761009982385,1.0,,,-1.2128662712646563,6.896551724137931,,,1.8561915576294128,100.0,,,0.43549586089202397,68.96551724137932,,,,,1.8860237994474378,93.10344827586206,,,-0.5335312627050166,27.586206896551722,-0.6572526791202407,31.03448275862069,2.3147316205831503,96.55172413793103,-1.4334709272205655,6.896551724137931
631,Agbadou,Emmanuel Agbadou,Defender,Wolves,14,1100,1100,542,25,15.0,4.0,65,121.0,13,65,3,20,10,12.0,0.39138035,0.5700000000000001,44.345454545454544,2.0454545454545454,1.2272727272727273,0.32727272727272727,5.318181818181818,9.9,1.0636363636363637,5.318181818181818,0.24545454545454548,1.6363636363636362,0.8181818181818181,0.9818181818181819,0.032022028636363636,0.04663636363636364,1.0,0.37279074028071063,69.6,0.1363361512722758,63.2,2.0579988979974213,96.0,,,0.5852411647479925,68.0,2.0713204569315837,95.19999999999999,0.1341300619913528,59.199999999999996,1.8855929822005066,96.8,,,1.4114182240997997,90.4,,,,,,,,
633,H.Bueno,Hugo Bueno López,Defender,Wolves,35,2359,2348,679,18,4.0,38.0,67,109.0,38,115,28,37,16,46.0,3.453882,0.86,25.905044510385757,0.6867316659601526,0.15332197614991483,1.4497668503603223,2.556167867740568,4.178023850085179,1.4497668503603223,4.387452310300975,1.0682492581602374,1.4116150911403138,0.6104281475201356,1.7632027257240206,0.13177167443832133,0.03281051292920729,0.9953370072064434,-1.140582435314667,12.8,-1.1046164687952955,12.0,-1.2408434475182977,7.199999999999999,,,-0.970422925197181,19.2,-0.6676567062742823,23.200000000000003,1.1939866061678528,88.0,0.7676054254349639,77.60000000000001,,,0.858979013829667,78.4,,,,,,,,
634,Mosquera,Yerson Mosquera Valdelamar,Defender,Wolves,27,2137,2106,637,45,17.0,11.0,112,108.0,29,92,8,36,30,53.0,0.68645562,2.5119,26.827328029948525,1.895180159101544,0.7264957264957266,0.4632662611137108,4.71689284043051,4.615384615384615,1.2213383247543286,3.8745905474964903,0.3369209171736079,1.5161441272812355,1.2634534394010295,2.264957264957265,0.028910157136172208,0.10578895648104819,0.985493682732803,-1.0648921911093798,15.2,-0.0009128759489318281,61.6,0.519767862639065,71.2,,,0.24657391427370856,61.6,-0.458302260038915,35.199999999999996,0.566992685552675,68.8,0.15155848128923152,59.199999999999996,,,1.1159147733853492,84.0,,,,,,,,
635,R.Gomes,Rodrigo Martins Gomes,Defender,Wolves,22,954,934,190,6,2.0,3.0,13,15.0,9,33,7,17,20,48.0,0.41256555,2.1352,17.92452830188679,0.5660377358490566,0.19271948608137046,0.2830188679245283,1.2264150943396226,1.4453961456102784,0.8490566037735848,3.1132075471698113,0.6603773584905661,1.6037735849056602,1.8867924528301887,4.625267665952891,0.0389212783018868,0.20143396226415097,0.9790356394129979,-1.795529865137445,1.6,-1.214848990126909,5.6000000000000005,-1.1198265629601534,12.8,,,-1.7193867882342855,1.6,-1.975702158056153,0.8,-0.4548515661310891,39.2,-0.7630109108816023,24.8,,,1.3313108210809395,88.8,,,,,,,,
636,S.Bueno,Santiago Ignacio Bueno,Defender,Wolves,29,2552,2462,925,45,20.0,10.0,116,95.0,27,68,0,30,10,39.0,1.4603742999999998,2.2800000000000002,32.62147335423197,1.586990595611285,0.7311129163281884,0.3526645768025078,4.090909090909091,3.472786352558895,0.9521943573667712,2.3981191222570533,0.0,1.0579937304075235,0.3526645768025078,1.4256701868399675,0.05150222844827585,0.0804075235109718,0.9647335423197492,-0.5893765115449777,28.000000000000004,-0.2823894390233937,51.2,0.5339504322966452,72.0,,,-0.10600230637287116,52.0,-1.005237526213509,9.6,-0.17175756849099205,51.2,-1.62197149424143,6.4,,,-0.010233754883730467,54.400000000000006,,,,,,,,
637,Toti,Toti Gomes,Defender,Wolves,19,1423,1423,694,22,12.0,6.0,94,84.0,14,53,10,13,5,9.0,0.30537960000000003,0.53,43.89318341531975,1.3914265635980323,0.7589599437807448,0.3794799718903724,5.945186226282502,5.3127196064652145,0.8854532677442023,3.3520730850316234,0.6324666198172874,0.8222066057624736,0.3162333099086437,0.5692199578355587,0.019314240337315533,0.03352073085031623,1.0,0.3356736157080707,68.8,-0.4610025334081239,44.0,0.6194878307864635,75.2,,,0.938392256459073,79.2,-0.12450418650053427,52.800000000000004,-0.35494947649622155,43.2,-0.4760868402376496,35.199999999999996,,,-0.5898061512315919,30.4,,,,,,,,
642,Hee Chan,Hwang Hee-chan,Midfielder,Wolves,26,1439,1439,286,4,0.0,15.0,16,43.0,13,57,9,4,19,29.0,1.36640338,2.37,17.887421820708823,0.2501737317581654,0.0,0.9381514940931202,1.0006949270326615,2.6893676164002778,0.8130646282140375,3.5649756775538566,0.5628908964558722,0.2501737317581654,1.1883252258512855,1.813759555246699,0.08545955816539262,0.148227936066713,1.0,-1.188159562687647,7.534246575342466,,,,,-0.5490529467235934,30.82191780821918,,,-0.8043826860270303,27.397260273972602,,,-0.8134150359963103,26.027397260273972,-0.5371665264611089,32.87671232876712,,,,,-0.61426846134603,36.3013698630137,-0.5966131730260352,34.24657534246575,-0.018948962719314313,60.95890410958904
644,Bellegarde,Jean-Ricner Bellegarde,Midfielder,Wolves,26,1239,1209,336,8,3.0,13.0,21,66.0,10,44,17,15,21,25.0,1.12502166,1.0,24.406779661016948,0.5811138014527845,0.22332506203473945,0.9443099273607748,1.5254237288135593,4.913151364764268,0.7263922518159805,3.196125907990315,1.234866828087167,1.089588377723971,1.5254237288135593,1.8610421836228288,0.08172070169491526,0.07263922518159806,0.9757869249394673,-0.6706470424950871,27.397260273972602,,,,,-0.5388613041105406,32.19178082191781,,,0.10181274466143912,60.273972602739725,,,-1.188716664702932,13.013698630136986,0.47272993548721604,76.02739726027397,,,,,-0.5892789443641157,37.67123287671233,-0.6500303230014068,31.506849315068493,-0.7659924065341819,23.972602739726025
654,Strand Larsen,Jørgen Strand Larsen,Forward,Crystal Palace,36,2301,2301,315,79,7.0,10.0,37,59.0,4,37,11,2,44,97.0,1.10552807,5.37,12.320730117340286,3.089960886571056,0.2737940026075619,0.39113428943937417,1.4471968709256844,2.3076923076923075,0.15645371577574968,1.4471968709256844,0.43024771838331155,0.07822685788787484,1.7209908735332462,3.7940026075619295,0.04324099361147328,0.21003911342894396,1.0,,,0.19848287766590533,72.41379310344827,,,-1.204956441474261,13.793103448275861,,,1.3097365641318088,93.10344827586206,,,,,-0.599336129862419,27.586206896551722,,,-1.130190889359522,17.24137931034483,-1.3480621402194686,13.793103448275861,-0.22758145626615195,51.724137931034484,-1.3239473119057403,10.344827586206897
659,Walker-Peters,Kyle Walker-Peters,Defender,West Ham,23,1378,1378,506,12,4.0,7.0,34,91.0,9,58,16,30,5,19.0,0.39758345,1.13,33.04789550072569,0.7837445573294629,0.2612481857764877,0.4571843251088534,2.2206095791001452,5.943396226415095,0.5878084179970973,3.7880986937590713,1.0449927431059507,1.9593613933236576,0.3265602322206096,1.2409288824383164,0.025966988751814222,0.07380261248185775,1.0,-0.5543807692184172,29.599999999999998,-1.0160123806902395,15.2,-0.9093277331013054,21.6,,,-1.159421239140515,10.4,0.17738607206622004,68.0,-1.1719293646199496,10.4,0.04766490595799851,52.800000000000004,,,2.2053571819547395,100.0,,,,,,,,
660,Stach,Anton Stach,Midfielder,Leeds,29,2369,2369,724,48,9.0,63.0,52,129.0,19,119,20,36,53,55.0,4.53156807,2.84,27.50527648796961,1.8235542422963273,0.3419164204305614,2.39341494301393,1.9755170958210213,4.90080202617138,0.7218235542422964,4.520894892359645,0.7598142676234699,1.3676656817222457,2.013507809202195,2.089489235964542,0.1721575037146475,0.1078936260025327,1.0,-0.42468556269861457,41.78082191780822,,,,,1.8592746805542408,96.57534246575342,,,0.09678036945268405,59.589041095890416,,,0.1592249595582053,54.109589041095894,-0.24121512931164588,50.0,,,,,-0.4685415469303569,41.0958904109589,0.6420428696783435,80.13698630136986,-0.41757306334775174,40.41095890410959
661,Ekitiké,Hugo Ekitiké,Forward,Liverpool,28,1797,1674,308,31,2.0,21.0,27,16.0,3,42,36,7,65,122.0,2.47729599,10.0352,15.425709515859765,1.552587646076795,0.1075268817204301,1.0517529215358932,1.3522537562604342,0.8602150537634408,0.15025041736227046,2.1035058430717863,1.8030050083472453,0.35058430717863104,3.25542570951586,6.559139784946237,0.12407158547579299,0.5025976627712855,0.9315525876460768,,,-0.7682681397779539,24.137931034482758,,,1.3293716445987704,96.55172413793103,,,-1.302445660928091,10.344827586206897,,,,,3.0156277295481173,100.0,,,1.3678469105647275,89.65517241379311,1.8765589886763463,100.0,2.2115603719547576,93.10344827586206,0.6356321451201309,72.41379310344827
662,Mosquera,Cristhian Mosquera,Defender,Arsenal,20,986,986,571,19,7.0,5.0,47,67.0,8,34,1,19,1,9.0,0.63103226,0.1,52.11967545638946,1.7342799188640974,0.6389452332657201,0.4563894523326572,4.290060851926977,6.115618661257607,0.7302231237322515,3.103448275862069,0.09127789046653144,1.7342799188640974,0.09127789046653144,0.821501014198783,0.05759929350912779,0.009127789046653146,1.0,1.0108078649209478,81.6,-0.1478667380686762,57.599999999999994,0.2508400052527024,60.8,,,0.00616701956966235,54.400000000000006,0.2598249539606115,72.0,-0.7810274207175535,21.6,-0.7747336979994164,24.0,,,1.652099620828719,93.60000000000001,,,,,,,,
663,J.Arias,Jhon Arias,Midfielder,Wolves,23,1117,1117,356,10,2.0,11.0,15,32.0,9,58,8,27,16,39.0,0.6249578100000001,3.05,28.683974932855865,0.8057296329453894,0.1611459265890779,0.8863025962399284,1.208594449418084,2.5783348254252463,0.7251566696508506,4.673231871083259,0.6445837063563116,2.1754700089525514,1.2891674127126231,3.1423455684870185,0.050354702685765446,0.24574753804834373,1.0,-0.33111941435979186,46.57534246575342,,,,,-0.6348581205128123,27.397260273972602,,,-0.8496287257609678,24.65753424657534,,,0.3142265915095282,60.273972602739725,-0.41439236774267085,39.04109589041096,,,,,0.08790745145842492,58.21917808219178,-1.0981572533687538,10.95890410958904,0.9448375399310255,83.56164383561644
666,Gyökeres,Viktor Gyökeres,Forward,Arsenal,36,2217,2217,198,30,3.0,20.0,19,27.0,1,55,7,5,54,142.0,1.8425268799999999,12.34,8.037889039242218,1.2178619756427604,0.12178619756427606,0.8119079837618403,0.7713125845737484,1.0960757780784844,0.04059539918809202,2.232746955345061,0.28416779431664413,0.20297699594046006,2.192151556156969,5.7645466847090665,0.07479811420838971,0.5009472259810555,1.0,,,-0.9787546852265046,13.793103448275861,,,0.40925566153274606,72.41379310344827,,,-0.8768008433855641,24.137931034482758,,,,,-0.9840171291527686,13.793103448275861,,,-0.36314808804142973,31.03448275862069,0.9499280349370487,86.20689655172413,0.7246853903672897,82.75862068965517,0.6245773937326745,68.96551724137932
668,Xhaka,Granit Xhaka,Midfielder,Sunderland,34,2901,2901,1497,54,20.0,34.0,85,364.0,29,179,11,33,21,16.0,3.84343193,1.0,46.44260599793175,1.6752843846949328,0.6204756980351602,1.0548086866597726,2.637021716649431,11.292657704239918,0.8996897621509825,5.553257497414684,0.34126163391933817,1.0237849017580145,0.6514994829369183,0.4963805584281282,0.11923780548086867,0.031023784901758014,1.0,1.0785767770097163,88.35616438356165,,,,,-0.355995985121703,41.0958904109589,,,2.7014717713694214,100.0,,,1.2096454804966665,89.04109589041096,-0.8702478134002233,12.32876712328767,,,,,-1.3105213124086537,3.4246575342465753,-0.11402238169629823,50.0,-1.1772779207133326,4.10958904109589
669,Ndoye,Dan Ndoye,Midfielder,Nott'm Forest,24,1167,1167,221,11,2.0,14.0,12,21.0,10,50,13,13,15,52.0,1.53619324,1.09,17.043701799485863,0.8483290488431877,0.15424164524421594,1.0796915167095116,0.9254498714652956,1.6195372750642674,0.7712082262210798,3.8560411311053984,1.0025706940874035,1.0025706940874035,1.1568123393316196,4.010282776349614,0.11847248637532135,0.08406169665809769,1.0,-1.2551348208672743,6.8493150684931505,,,,,-0.31481718199977665,43.83561643835616,,,-1.240340259529314,4.794520547945205,,,-0.5172583136879699,35.61643835616438,0.1236176640385495,66.43835616438356,,,,,0.5466241586300435,73.97260273972603,-0.12495651777850493,49.31506849315068,-0.6531040885729117,29.45205479452055
671,Wilson,Callum Wilson,Forward,West Ham,32,1234,1234,104,19,2.0,8.0,5,17.0,3,28,13,2,38,85.0,0.54956616,7.65,7.585089141004862,1.385737439222042,0.1458670988654781,0.5834683954619124,0.36466774716369527,1.239870340356564,0.2188006482982172,2.0421393841166937,0.9481361426256077,0.1458670988654781,2.771474878444084,6.19935170178282,0.040081810696920586,0.5579416531604539,1.0,,,-0.8731890548744677,17.24137931034483,,,-0.4671060341132856,31.03448275862069,,,-0.6173027416892957,41.37931034482759,,,,,0.7644504262389579,82.75862068965517,,,0.5799819318946595,72.41379310344827,1.4569847757285623,89.65517241379311,-0.3229128773550995,48.275862068965516,1.0063304100665644,86.20689655172413
672,Hato,Jorrel Hato,Defender,Chelsea,22,1139,1139,682,16,7.0,8.0,39,55.0,17,50,8,19,3,14.0,0.6520908,0.3,53.889376646180864,1.2642669007901668,0.553116769095698,0.6321334503950834,3.0816505706760315,4.345917471466199,1.3432835820895521,3.9508340649692713,0.6321334503950834,1.5013169446883232,0.23705004389815626,1.106233538191396,0.05152605092186128,0.023705004389815626,1.0,1.1560442400534028,84.8,-0.5771403559985919,34.4,-0.01279831499487988,53.6,,,-0.6744524538266687,32.800000000000004,-0.5872899269025453,26.400000000000002,0.9017097914579122,81.6,0.2431418071608746,62.4,,,1.0794690778903222,83.2,,,,,,,,
676,Ugochukwu,Lesley Ugochukwu,Midfielder,Burnley,35,2330,2330,650,25,21.0,10.0,24,106.0,16,101,14,25,22,40.0,0.40828109,2.4600000000000004,25.107296137339052,0.9656652360515021,0.8111587982832618,0.38626609442060084,0.9270386266094421,4.094420600858369,0.6180257510729613,3.901287553648069,0.5407725321888412,0.9656652360515021,0.8497854077253219,1.5450643776824033,0.015770514206008585,0.09502145922746784,1.0,-0.6150394111948961,29.45205479452055,,,,,-1.462372700688584,2.054794520547945,,,-0.23182134982343802,48.63013698630137,,,-0.4712204482081949,36.986301369863014,-0.5704076840173514,30.82191780821918,,,,,-0.7562775444555304,24.65753424657534,-1.5922625493026799,0.684931506849315,-0.5447887240516226,36.986301369863014
677,Guessand,Evann Guessand,Midfielder,Crystal Palace,21,909,909,153,11,3.0,5.0,10,18.0,5,43,13,12,10,40.0,1.03393306,1.56,15.14851485148515,1.089108910891089,0.297029702970297,0.4950495049504951,0.9900990099009902,1.7821782178217822,0.4950495049504951,4.257425742574258,1.2871287128712872,1.188118811881188,0.9900990099009902,3.960396039603961,0.1023696099009901,0.15445544554455448,1.0,-1.4055764744350343,4.10958904109589,,,,,-1.282346126694072,8.21917808219178,,,-1.1740638154829208,6.8493150684931505,,,-0.1088527490043064,44.52054794520548,0.5512730648670241,78.76712328767124,,,,,0.5202583346923213,71.91780821917808,-0.3550187773106052,40.41095890410959,0.04259753109227085,62.328767123287676
681,Šeško,Benjamin Sesko,Forward,Man Utd,30,1630,1630,211,63,2.0,9.0,15,36.0,3,38,10,3,61,93.0,0.2832723,9.2,11.650306748466258,3.478527607361963,0.11042944785276074,0.49693251533742333,0.8282208588957056,1.9877300613496933,0.1656441717791411,2.098159509202454,0.5521472392638037,0.1656441717791411,3.3680981595092025,5.134969325153374,0.015640801840490798,0.5079754601226993,1.0,,,0.4428264520009599,79.3103448275862,,,-0.7990832154963556,17.24137931034483,,,0.7323183765106807,79.3103448275862,,,,,-0.27833083221507116,51.724137931034484,,,1.5512760354080801,93.10344827586206,0.21573355355578527,58.620689655172406,-1.06044412203167,10.344827586206897,0.6716530415785259,75.86206896551724
682,Møller Wolfe,David Møller Wolfe,Defender,Wolves,22,1042,964,191,10,2.0,8.0,32,38.0,7,26,4,5,3,18.0,1.05335963,0.13,16.497120921305182,0.8637236084452974,0.18672199170124482,0.690978886756238,2.763915547024952,3.5477178423236513,0.6046065259117083,2.2456813819577732,0.345489443378119,0.4318618042226487,0.2591170825335893,1.6804979253112033,0.09098115806142035,0.011228406909788869,0.9251439539347409,-1.9126747678977924,0.8,-0.9429656877033327,16.8,-1.138248998446572,11.200000000000001,,,-0.8534120736116807,24.0,-0.9693695613892032,14.399999999999999,-1.1258216750817982,12.0,-1.8050789335060191,3.2,,,-1.5492863279839666,6.4,,,,,,,,
683,Alderete,Omar Alderete,Defender,Sunderland,33,2797,2797,1046,85,29.0,9.0,216,187.0,35,103,18,18,24,46.0,0.90792976,1.66,33.657490168037185,2.735073292813729,0.933142652842331,0.28959599570968897,6.950303897032534,6.017161244190204,1.1262066499821237,3.314265284233107,0.5791919914193779,0.5791919914193779,0.7722559885591705,1.4801573114050768,0.029214758097962104,0.05341437254200929,1.0,-0.5043523687793394,35.199999999999996,0.7661806944815205,78.4,1.1545228832860879,83.2,,,1.5045101308113593,90.4,0.21269567382548404,69.6,0.3058738888442676,63.2,-0.5215013784934014,33.6,,,-1.1871439515648563,11.200000000000001,,,,,,,,
684,Thiaw,Malick Thiaw,Defender,Newcastle,35,2963,2963,1490,110,33.0,6.0,184,177.0,31,118,7,34,27,50.0,0.9585944,4.73,45.258184272696596,3.341208234897064,1.0023624704691192,0.1822477219034762,5.588930138373271,5.376307796152548,0.9416132298346271,3.5842051974350317,0.21262234222072224,1.032737090786365,0.8201147485656429,1.5187310158623017,0.029116940938238273,0.14367195410057376,1.0,0.4476969209540112,72.8,1.3197775727299552,88.0,1.3671446122595907,88.8,,,0.7377362088325929,70.39999999999999,-0.09406599612013533,54.400000000000006,-0.20080080036541828,48.0,-0.197250926048566,45.6,,,-0.07231539386620255,51.2,,,,,,,,
685,Diakité,Bafodé Diakité,Defender,Bournemouth,18,1275,1275,657,34,5.0,3.0,82,89.0,11,48,0,15,1,10.0,0.19464778,0.02,46.37647058823529,2.4000000000000004,0.3529411764705882,0.2117647058823529,5.788235294117647,6.282352941176471,0.776470588235294,3.3882352941176466,0.0,1.0588235294117647,0.07058823529411765,0.7058823529411764,0.013739843294117645,0.0014117647058823528,1.0,0.5394727821931693,73.6,0.4601506077675938,67.2,-0.6276754132231035,35.199999999999996,,,0.8499919321184668,76.0,0.33963678348530135,76.0,-0.6540867113190726,31.2,-0.43264897838734745,36.8,,,-0.00819408203009559,55.2,,,,,,,,
691,Calvert-Lewin,Dominic Calvert-Lewin,Forward,Leeds,35,2721,2721,270,128,9.0,20.0,36,57.0,4,46,8,4,67,135.0,1.1013328900000001,15.42,8.930540242557884,4.233737596471886,0.29768467475192945,0.6615214994487321,1.1907386990077178,1.8853362734288863,0.13230429988974643,1.5214994487320836,0.26460859977949286,0.13230429988974643,2.2160970231532526,4.465270121278942,0.03642776923925028,0.5100330760749724,1.0,,,0.9177274104182266,86.20689655172413,,,-0.16767128609353132,44.827586206896555,,,0.5475339648473597,72.41379310344827,,,,,-1.0355235257225799,10.344827586206897,,,-0.3241652128545207,34.48275862068966,-0.5652498350734231,37.93103448275862,-0.4331771369118975,44.827586206896555,0.6854351100211911,79.3103448275862
693,Hutchinson,Omari Hutchinson,Midfielder,Nott'm Forest,31,1676,1676,442,5,0.0,33.0,8,35.0,12,87,40,12,25,84.0,4.16660439,1.94,23.73508353221957,0.26849642004773266,0.0,1.7720763723150357,0.42959427207637235,1.8794749403341289,0.6443914081145585,4.671837708830549,2.1479713603818613,0.6443914081145585,1.3424821002386633,4.5107398568019095,0.2237436724940334,0.10417661097852028,1.0,-0.7239668885492944,25.34246575342466,,,,,0.8310162942001031,80.13698630136986,,,-1.1344152455954404,9.58904109589041,,,0.31280804280135743,59.589041095890416,1.845012770550659,93.83561643835617,,,,,0.8111225831083982,79.45205479452055,1.3790559473671662,91.78082191780823,-0.45430833336009757,38.35616438356164
694,Mukiele,Nordi Mukiele,Defender,Sunderland,32,2784,2784,925,78,10.0,23.0,156,171.0,40,131,14,48,26,58.0,2.49693638,1.59,29.903017241379313,2.521551724137931,0.3232758620689655,0.7435344827586208,5.043103448275862,5.5280172413793105,1.293103448275862,4.234913793103448,0.4525862068965517,1.5517241379310345,0.8405172413793104,1.875,0.08071992607758621,0.05140086206896552,1.0,-0.8124755940708371,20.8,0.5711665719639325,73.6,-0.7187980231182003,31.2,,,0.4303072832898678,65.60000000000001,-0.021446206202814684,59.199999999999996,0.7639746344613282,75.2,0.5843769334721474,68.8,,,1.2033715930290394,85.6,,,,,,,,
695,Tchatchoua,Jackson Tchatchoua,Defender,Wolves,31,1834,1744,412,23,7.0,21.0,57,69.0,15,62,5,15,2,25.0,1.75203058,0.33,20.218102508178845,1.128680479825518,0.36123853211009177,1.0305343511450382,2.797164667393675,3.560779816513761,0.7360959651035988,3.042529989094875,0.24536532170119957,0.7360959651035988,0.09814612868047982,1.2901376146788992,0.08597750937840785,0.016194111232279172,0.95092693565976,-1.6073001200591703,3.2,-0.7009745291629366,29.599999999999998,-0.6021885199826258,36.8,,,-0.8346849913058061,26.400000000000002,-0.9631170975417913,16.8,-0.764907560788486,23.200000000000003,-0.8479084345995986,20.0,,,-0.8014688975874135,20.0,,,,,,,,
697,Adli,Amine Adli,Midfielder,Bournemouth,31,1074,1074,320,29,2.0,16.0,17,37.0,7,61,8,16,20,47.0,1.29750739,2.62,26.81564245810056,2.430167597765363,0.16759776536312848,1.3407821229050279,1.4245810055865922,3.100558659217877,0.5865921787709497,5.111731843575419,0.6703910614525139,1.3407821229050279,1.675977653631285,3.93854748603352,0.10872966955307263,0.21955307262569834,1.0,-0.4794293355594115,39.726027397260275,,,,,0.11726384126077231,63.013698630136986,,,-0.6368216790651499,31.506849315068493,,,0.7603967329707824,78.76712328767124,-0.37560711461518365,43.83561643835616,,,,,0.508711074752888,71.23287671232876,-0.2641524220572766,44.52054794520548,0.6859575639520209,78.76712328767124
698,Okafor,Noah Okafor,Midfielder,Leeds,28,1553,1553,251,12,1.0,20.0,16,35.0,12,61,38,15,34,78.0,1.34105442,5.32,14.546039922730198,0.6954282034771411,0.05795235028976175,1.159047005795235,0.927237604636188,2.0283322601416613,0.6954282034771411,3.535093367675467,2.2021893110109465,0.8692852543464263,1.9703799098518997,4.520283322601417,0.07771725550547329,0.3083065035415325,1.0,-1.4534014790397933,3.4246575342465753,,,,,-0.18349112080926305,49.31506849315068,,,-1.073755649925062,13.013698630136986,,,-0.8438200422950702,22.945205479452056,1.9264956242318607,94.52054794520548,,,,,0.8161664355517515,80.13698630136986,-0.7072276739049167,28.767123287671232,1.5631079731251731,91.0958904109589
699,Douglas Luiz,Douglas Luiz Soares de Paulo,Midfielder,Aston Villa,21,913,913,584,10,4.0,19.0,12,73.0,15,52,6,14,11,16.0,1.37480745,0.53,57.568455640744794,0.9857612267250822,0.39430449069003287,1.8729463307776562,1.1829134720700984,7.196056955093099,1.4786418400876233,5.125958378970427,0.5914567360350492,1.380065717415115,1.0843373493975905,1.5772179627601315,0.1355231878422782,0.052245345016429356,1.0,1.961756781693052,96.57534246575342,,,,,0.9979468303226494,84.93150684931507,,,1.032100420417281,83.56164383561644,,,0.7748721165691423,80.13698630136986,-0.494235613364919,35.61643835616438,,,,,-0.7392839341609099,26.71232876712329,0.11864734469590461,59.589041095890416,-0.9675451819809116,14.383561643835616
706,Justin,James Justin,Defender,Leeds,29,1893,1893,534,38,11.0,12.0,89,116.0,28,70,2,36,21,40.0,1.17172079,1.83,25.388272583201264,1.8066561014263076,0.5229793977812995,0.5705229793977813,4.231378763866878,5.515055467511886,1.3312202852614898,3.3280507131537242,0.09508716323296355,1.7115689381933439,0.9984152139461173,1.9017432646592711,0.0557078030110935,0.08700475435816166,1.0,-1.1829930309041605,11.200000000000001,-0.08176391847496649,60.0,-0.1053709367566567,49.6,,,-0.02688481099893906,53.6,-0.02765070648162864,58.4,0.8685982798649269,80.80000000000001,-0.5049423913038612,34.4,,,1.5962752940739253,92.80000000000001,,,,,,,,
708,M.Fernandes,Mateus Gonçalo Espanha Fernandes,Midfielder,West Ham,36,3017,3017,1355,19,12.0,37.0,36,241.0,35,183,29,67,28,22.0,3.0223621,1.94,40.42094796155121,0.566788200198873,0.3579714948624461,1.1037454424925424,1.0739144845873385,7.189260855154126,1.0440835266821344,5.4590652966523034,0.8650977792509116,1.9986741796486576,0.8352668213457076,0.6562810739144846,0.09015995657938349,0.057872058336095454,1.0,0.6005721172750403,73.97260273972603,,,,,-0.27501013946687786,45.89041095890411,,,1.0293309988331318,82.87671232876713,,,1.1138056853426326,87.67123287671232,-0.08298707248834265,59.589041095890416,,,,,-1.2260116989544994,8.21917808219178,-0.5294584456363284,36.3013698630137,-0.9119363583025851,19.17808219178082
712,Yeremy,Yéremy Pino Santos,Midfielder,Crystal Palace,34,2074,2074,608,21,1.0,48.0,21,103.0,9,101,18,19,44,82.0,6.36585457,4.55,26.38379942140791,0.9112825458052073,0.04339440694310511,2.0829315332690457,0.9112825458052073,4.4696239151398265,0.390549662487946,4.382835101253616,0.781099324975892,0.8244937319189972,1.9093539054966249,3.558341369334619,0.2762424837512054,0.19744455159112823,1.0,-0.5137094262862395,38.35616438356164,,,,,1.3454530944664846,91.78082191780823,,,-0.07892539974233592,53.42465753424658,,,0.01875024942811648,48.63013698630137,-0.20922632867053506,51.369863013698634,,,,,0.307766932344099,65.75342465753424,2.129107974396446,97.26027397260275,0.4674589879355451,73.97260273972603
713,A.Jimenez,Álex Jiménez Sánchez,Defender,Bournemouth,31,2315,1855,688,13,9.0,14.0,40,109.0,27,136,39,46,19,35.0,1.6211453,1.121,26.74730021598272,0.5053995680345572,0.4366576819407008,0.5442764578833693,1.5550755939524838,5.288409703504043,1.0496760259179265,5.287257019438445,1.5161987041036715,1.7883369330453562,0.7386609071274298,1.6981132075471697,0.06302508725701944,0.043580993520518356,0.8012958963282938,-1.071459938069836,14.399999999999999,-1.2702312129194635,3.2,-0.3705243725681448,42.4,,,-1.5342735533972611,2.4,-0.13614077276127742,50.4,0.09581152512747344,56.00000000000001,1.848446271047779,95.19999999999999,,,1.7849735141577383,96.0,,,,,,,,
714,Woltemade,Nick Woltemade,Forward,Newcastle,33,1896,1896,295,35,2.0,22.0,21,41.0,5,53,13,12,32,86.0,1.48705818,6.65,14.003164556962025,1.6613924050632911,0.09493670886075949,1.0443037974683544,0.9968354430379747,1.9462025316455696,0.23734177215189872,2.5158227848101267,0.6170886075949368,0.569620253164557,1.5189873417721518,4.082278481012659,0.07058820474683544,0.31566455696202533,1.0,,,-0.6998481174422512,31.03448275862069,,,1.3007946057085809,93.10344827586206,,,0.6573759381066779,75.86206896551724,,,,,-0.10731684364329541,62.06896551724138,,,-1.4590497279522157,10.344827586206897,-1.0118833494950756,17.24137931034483,0.5976472724485623,79.3103448275862,-0.6164600422567849,31.03448275862069
716,Savona,Nicolò Savona,Defender,Nott'm Forest,14,1025,1025,313,7,3.0,7.0,29,56.0,4,27,2,12,5,14.0,0.40329303,1.35,27.48292682926829,0.6146341463414634,0.2634146341463415,0.6146341463414634,2.546341463414634,4.917073170731707,0.35121951219512193,2.370731707317073,0.17560975609756097,1.053658536585366,0.43902439024390244,1.2292682926829268,0.03541109531707317,0.11853658536585367,1.0,-1.011088309582004,16.8,-1.1704647791619234,9.6,-0.9026730782073308,22.400000000000002,,,-0.9759575041737626,17.599999999999998,-0.31389095145480717,40.8,-1.8213220148124227,2.4,-1.6548691179394128,4.8,,,-0.02088980184101327,53.6,,,,,,,,
717,Xavi,Xavi Simons,Midfielder,Spurs,28,1747,1747,661,13,1.0,34.0,12,89.0,15,87,30,20,42,51.0,4.14424142,3.14,34.05266170578134,0.6697195191757298,0.05151688609044075,1.7515741270749856,0.6182026330852891,4.585002862049227,0.7727532913566114,4.481969089868345,1.5455065827132228,1.030337721808815,2.163709215798512,2.6273611906124787,0.21349841316542645,0.16176302232398398,1.0,0.09505179606264602,59.589041095890416,,,,,0.7970869574401823,79.45205479452055,,,-0.03190829452072135,54.794520547945204,,,0.11961827336999428,52.054794520547944,0.9395829496655282,87.67123287671232,,,,,-0.18426884876631636,47.94520547945205,1.2326816325427998,89.04109589041096,0.11481833310520194,64.38356164383562
718,S.Magassa,Soungoutou Magassa,Midfielder,West Ham,22,971,971,327,11,4.0,5.0,14,39.0,16,54,5,23,7,7.0,0.31170799,0.44000000000000006,30.308959835221422,1.01956745623069,0.3707518022657054,0.46343975283213185,1.297631307929969,3.6148300720906286,1.4830072090628217,5.005149330587024,0.46343975283213185,2.131822863027806,0.6488156539649845,0.6488156539649845,0.028891574768280123,0.0407826982492276,1.0,-0.20212664349229872,50.0,,,,,-1.3346573692903951,3.4246575342465753,,,-0.42725525660080566,39.04109589041096,,,0.6519498962992509,77.3972602739726,-0.6866292577207126,26.027397260273972,,,,,-1.2299572756919241,7.534246575342466,-1.4048015795047923,2.73972602739726,-1.0808305524540045,8.904109589041095
719,Lindelöf,Victor Lindelöf,Defender,Aston Villa,17,942,942,592,11,5.0,2.0,34,34.0,8,19,0,3,1,5.0,0.11489993,0.28,56.560509554140125,1.0509554140127388,0.4777070063694267,0.19108280254777069,3.2484076433121016,3.2484076433121016,0.7643312101910827,1.8152866242038215,0.0,0.28662420382165604,0.09554140127388534,0.4777070063694267,0.010977700318471338,0.026751592356687903,1.0,1.3752595874165041,88.0,-0.7719626059230664,26.400000000000002,-0.24443362814739966,45.6,,,-0.5805289638302227,37.6,-1.1126424060024127,6.4,-0.6874070517344298,29.599999999999998,-2.3220669301169967,0.8,,,-1.9062850582196962,3.2,,,,,,,,
720,Tolu,Tolu Arokodare,Forward,Wolves,33,1402,1372,162,94,2.0,12.0,43,21.0,5,26,17,5,47,98.0,0.35616052,5.47,10.399429386590585,6.034236804564907,0.13119533527696792,0.7703281027104137,2.760342368045649,1.3775510204081631,0.3209700427960057,1.66904422253923,1.0912981455064195,0.3209700427960057,3.0171184022824535,6.428571428571428,0.022863371469329527,0.3511412268188302,0.978601997146933,,,2.049940717819871,96.55172413793103,,,0.24974296351848532,65.51724137931035,,,-0.36883802544676997,44.827586206896555,,,,,1.1414474891855755,89.65517241379311,,,0.9798860486842714,86.20689655172413,1.7242940362627788,93.10344827586206,-0.8424960496173326,27.586206896551722,-0.3788346041646144,37.93103448275862
722,Florentino,Florentino Ibrain Morris Luís,Midfielder,Burnley,31,2100,2100,880,23,14.0,13.0,56,117.0,41,113,8,48,13,8.0,0.57590786,0.64,37.714285714285715,0.9857142857142858,0.6000000000000001,0.5571428571428572,2.4000000000000004,5.014285714285714,1.7571428571428571,4.8428571428571425,0.34285714285714286,2.057142857142857,0.5571428571428572,0.34285714285714286,0.02468176542857143,0.02742857142857143,1.0,0.38571482071249746,68.4931506849315,,,,,-1.179587319918533,10.273972602739725,,,0.1430251536870062,63.6986301369863,,,0.4868189204728107,69.17808219178082,-0.8678499614006967,13.013698630136986,,,,,-1.3916605411760083,2.054794520547945,-1.4649472466740456,1.36986301369863,-1.2128094256538118,3.4246575342465753
723,Canvot,Jaydee Canvot,Defender,Crystal Palace,20,1331,1331,667,37,13.0,3.0,103,97.0,12,54,2,23,7,11.0,0.31172247000000003,1.4700000000000002,45.101427498121716,2.501878287002254,0.879038317054846,0.20285499624342598,6.964688204357626,6.558978211870774,0.8114199849737039,3.651389932381668,0.135236664162284,1.555221637866266,0.473328324567994,0.743801652892562,0.021078153493613826,0.09939894815927874,1.0,0.43483215833304323,70.39999999999999,0.553198372761798,72.8,0.9883312084954563,82.39999999999999,,,1.5126118822021535,91.2,0.4720508794805485,80.0,-0.5581571017135376,33.6,-0.1165489637287612,48.0,,,1.2119685612551039,86.4,,,,,,,,
724,Geertruida,Lutsharel Geertruida,Defender,Sunderland,28,1681,1681,632,12,10.0,8.0,47,84.0,19,71,7,21,11,14.0,0.78848175,1.16,33.83700178465199,0.6424747174301011,0.5353955978584176,0.4283164782867341,2.516359309934563,4.497323022010708,1.0172516359309935,3.801308744794765,0.3747769185008923,1.124330755502677,0.5889351576442594,0.7495538370017846,0.04221496579417014,0.06210588935157644,1.0,-0.4896201548656594,36.8,-1.145037350097449,11.200000000000001,-0.06723223575759316,51.2,,,-0.9928445150089976,16.8,-0.5148156043155497,32.0,0.006812590570023471,54.400000000000006,0.06353275215508528,54.400000000000006,,,0.15282480337666612,60.0,,,,,,,,
725,Hincapie,Piero Hincapié,Defender,Arsenal,25,1787,1787,745,33,9.0,13.0,86,108.0,26,63,7,26,3,26.0,1.66521542,0.36,37.520984890878566,1.6620033575825406,0.4532736429770565,0.6547285954113038,4.331281477336318,5.439283715724678,1.3094571908226076,3.1729155008393954,0.35254616675993283,1.3094571908226076,0.1510912143256855,1.3094571908226076,0.0838664733072188,0.018130945719082258,1.0,-0.18728190958221919,49.6,-0.21387857127280857,55.2,-0.3194853134484764,43.2,,,0.029383935872401474,55.2,-0.0639208852317368,56.8,0.8088626235113531,76.8,-0.6912900202497835,27.200000000000003,,,0.6078715829971755,73.6,,,,,,,,
726,Kolo Muani,Randal Kolo Muani,Forward,Spurs,30,1655,1655,230,29,1.0,19.0,18,21.0,3,64,26,16,20,78.0,1.59649694,2.13,12.507552870090635,1.5770392749244713,0.054380664652567974,1.0332326283987916,0.9788519637462235,1.1419939577039275,0.16314199395770393,3.4803625377643503,1.4138972809667676,0.8700906344410876,1.0876132930513596,4.241691842900302,0.08681856471299093,0.11583081570996978,1.0,,,-0.7528921488058131,27.586206896551722,,,1.2583223329699023,89.65517241379311,,,-0.7939348416579924,31.03448275862069,,,,,1.990967083284312,96.55172413793103,,,-2.161320462649687,3.4482758620689653,-0.8259802054573993,20.689655172413794,1.0874141907334571,86.20689655172413,-1.9549616688830735,3.4482758620689653
727,Chukwueze,Samuel Chukwueze,Midfielder,Fulham,23,1067,1067,304,7,1.0,24.0,11,35.0,7,57,18,4,22,56.0,3.14621107,2.08,25.641986879100283,0.5904404873477038,0.08434864104967198,2.0243673851921273,0.9278350515463918,2.9522024367385193,0.5904404873477038,4.807872539831303,1.5182755388940956,0.3373945641986879,1.8556701030927836,4.723523898781631,0.2653786282099344,0.17544517338331772,1.0,-0.572595176644426,34.24657534246575,,,,,1.2485347970364038,89.72602739726028,,,-0.6972770767736283,30.136986301369863,,,0.4512223725590392,66.43835616438356,0.8986580690059847,86.98630136986301,,,,,0.9235818649451294,83.56164383561644,1.9738957576822933,96.57534246575342,0.25003907078512816,69.86301369863014
730,Brobbey,Brian Brobbey,Forward,Sunderland,31,1920,1920,198,63,6.0,15.0,15,22.0,0,44,2,2,36,93.0,0.67478407,6.04,9.28125,2.953125,0.28125,0.703125,0.703125,1.03125,0.0,2.0625,0.09375,0.09375,1.6875,4.359375,0.03163050328125,0.283125,1.0,,,0.11243595745096037,65.51724137931035,,,-0.008067976705447923,51.724137931034484,,,-0.9937883433705665,13.793103448275861,,,,,-1.4854556934756888,3.4482758620689653,,,-1.1847135488277927,13.793103448275861,-0.6887415910397862,27.586206896551722,-0.5779393091214009,31.03448275862069,-0.8344124743660027,24.137931034482758
731,Kevin,Kevin Santos Lopes de Macedo,Midfielder,Fulham,26,1030,1030,260,8,0.0,14.0,8,24.0,9,48,45,11,25,61.0,1.49642907,1.22,22.718446601941746,0.6990291262135923,0.0,1.2233009708737863,0.6990291262135923,2.0970873786407767,0.7864077669902912,4.194174757281553,3.9320388349514563,0.9611650485436893,2.1844660194174756,5.330097087378641,0.1307559381553398,0.10660194174757281,1.0,-0.8046684473218433,21.232876712328768,,,,,-0.07715669773584936,52.73972602739726,,,-1.0457378292776274,15.068493150684931,,,-0.173210110066887,42.465753424657535,4.526244858835483,99.31506849315068,,,,,1.244164106622524,90.41095890410958,0.0505375112460213,58.21917808219178,-0.4303387824987671,39.04109589041096
796,Gallagher,Conor Gallagher,Midfielder,Spurs,16,1183,1183,432,9,4.0,13.0,6,50.0,18,73,12,14,11,35.0,0.75600621,1.07,32.86559594251902,0.6846999154691462,0.3043110735418428,0.989010989010989,0.45646661031276414,3.8038884192730347,1.3693998309382924,5.5536770921386305,0.9129332206255283,1.0650887573964496,0.8368554522400676,2.662721893491124,0.05751526534234996,0.08140321217244295,1.0,0.000821442425369379,57.534246575342465,,,,,-0.4648851441096177,36.3013698630137,,,-0.3502136780407269,43.83561643835616,,,1.2100724147021025,89.72602739726028,-0.011096338421890397,62.328767123287676,,,,,-0.1655802327687244,48.63013698630137,-0.9958540886564734,15.068493150684931,-0.6793778982759291,28.08219178082192
807,Rayan,Rayan Vitor Simplício Rocha,Midfielder,Bournemouth,15,1110,1110,244,24,0.0,14.0,20,26.0,8,43,14,6,28,51.0,1.6985536700000001,2.91,19.783783783783782,1.945945945945946,0.0,1.135135135135135,1.6216216216216217,2.1081081081081083,0.6486486486486487,3.4864864864864864,1.135135135135135,0.4864864864864865,2.27027027027027,4.135135135135135,0.13772056783783784,0.23594594594594595,1.0,-1.03762463536084,13.013698630136986,,,,,-0.22306307513362839,47.26027397260274,,,-1.0412468644104287,16.43835616438356,,,-0.8932771470078088,21.91780821917808,0.32284557339128767,73.97260273972603,,,,,0.6126103410242087,76.71232876712328,0.15004137591976277,60.273972602739725,0.8479683774158363,80.82191780821918
